marker,t,x,y,z
1,2008-06-17T06:08:00,496514.707392097,6777212.59133202,62.4511109770599
1,2008-06-17T06:23:00,496514.607101641,6777212.48464562,62.4800015198231
1,2008-06-17T06:38:00,496514.56500533,6777212.45024019,62.486582417808
1,2008-06-17T06:53:00,496514.509471431,6777212.38539745,62.5250401860631
1,2008-06-17T07:08:00,496514.398609868,6777212.27487469,62.545528410268
1,2008-06-17T07:23:00,496514.323271912,6777212.1799664,62.5882606219927
1,2008-06-17T07:38:00,496514.170146904,6777212.04904296,62.647413079596
1,2008-06-17T07:53:00,496514.094969856,6777211.95383978,62.6928373960715
1,2008-06-17T08:08:00,496513.985670339,6777211.8402367,62.7355785004949
1,2008-06-17T08:23:00,496513.92136656,6777211.74807315,62.7922248340228
1,2008-06-17T08:38:00,496513.810897895,6777211.63663949,62.8347766099935
1,2008-06-17T08:53:00,496513.701193317,6777211.5237928,62.8830920451668
1,2008-06-17T09:08:00,496513.614549252,6777211.42079235,62.9175584891951
1,2008-06-17T09:23:00,496513.47041642,6777211.29704285,62.9903424232951
1,2008-06-17T09:38:00,496513.37283954,6777211.19102005,63.0082125084716
1,2008-06-17T09:53:00,496513.261921256,6777211.08147644,63.0644808298007
1,2008-06-17T10:08:00,496513.171174864,6777210.98091556,63.0848644986877
1,2008-06-17T10:23:00,496513.04641708,6777210.86778081,63.1133855342882
1,2008-06-17T10:38:00,496512.925439681,6777210.75380497,63.1172884628299
1,2008-06-17T10:53:00,496512.809879283,6777210.64741154,63.1373066646829
1,2008-06-17T11:08:00,496512.712234254,6777210.54846801,63.1354606547087
1,2008-06-17T11:23:00,496512.580791164,6777210.43745333,63.1470767707611
1,2008-06-17T11:38:00,496512.474682213,6777210.33725803,63.1368312095547
1,2008-06-17T11:53:00,496512.320213239,6777210.21692848,63.1290416463778
1,2008-06-17T12:08:00,496512.210214879,6777210.11886776,63.1130870200585
1,2008-06-17T12:23:00,496512.0521033,6777209.99965639,63.08578743624
1,2008-06-17T12:38:00,496511.9336007,6777209.9001914,63.0667967573004
1,2008-06-17T12:53:00,496511.795532173,6777209.79025489,63.0149114267166
1,2008-06-17T13:08:00,496511.685921502,6777209.69817034,62.9763791381081
1,2008-06-17T13:23:00,496511.521651168,6777209.57942652,62.9297416972692
1,2008-06-17T13:38:00,496511.370138398,6777209.46578228,62.8611559015038
1,2008-06-17T13:53:00,496511.200048166,6777209.34669996,62.7895986066757
1,2008-06-17T14:08:00,496511.066310601,6777209.24106756,62.7072535637842
1,2008-06-17T14:23:00,496510.932700167,6777209.14117,62.6409825303854
1,2008-06-17T14:38:00,496510.75874335,6777209.02395357,62.5885117158904
1,2008-06-17T14:53:00,496510.603236891,6777208.9129925,62.5030978731627
1,2008-06-17T15:08:00,496510.462877804,6777208.8085833,62.4204859052023
1,2008-06-17T15:23:00,496510.264348938,6777208.67855306,62.3432626650393
1,2008-06-17T15:38:00,496510.114927521,6777208.56774718,62.274576605639
1,2008-06-17T15:53:00,496509.980156789,6777208.46433794,62.1810846188482
1,2008-06-17T16:08:00,496509.814452467,6777208.34907626,62.1094326892171
1,2008-06-17T16:23:00,496509.671928954,6777208.24285477,62.046108607487
1,2008-06-17T16:38:00,496509.507262105,6777208.12514751,61.9802032156936
1,2008-06-17T16:53:00,496509.366620852,6777208.01511224,61.9145232328034
1,2008-06-17T17:08:00,496509.236053064,6777207.90934487,61.8652099862467
1,2008-06-17T17:23:00,496509.067149857,6777207.78810602,61.8351675470853
1,2008-06-17T17:38:00,496508.877456255,6777207.65244933,61.7999065077406
1,2008-06-17T17:53:00,496508.794837638,6777207.56822298,61.7865724643622
1,2008-06-17T18:08:00,496508.661269341,6777207.45530769,61.762504703276
1,2008-06-17T18:23:00,496508.542844765,6777207.34989197,61.7521632981965
1,2008-06-17T18:38:00,496508.400364094,6777207.23075716,61.7364561214679
1,2008-06-17T18:53:00,496508.287802599,6777207.12572127,61.7455745665762
1,2008-06-17T19:08:00,496508.182191523,6777207.02532215,61.7792450873321
1,2008-06-17T19:23:00,496508.068767776,6777206.91532901,61.780348902852
1,2008-06-17T19:38:00,496507.932448825,6777206.796237,61.7924424015033
1,2008-06-17T19:53:00,496507.836477528,6777206.69492291,61.815474292461
1,2008-06-17T20:08:00,496507.72259028,6777206.58579813,61.8440171361992
1,2008-06-17T20:23:00,496507.639799251,6777206.48890137,61.8810101367012
1,2008-06-17T20:38:00,496507.511358472,6777206.37253127,61.9370960991507
1,2008-06-17T20:53:00,496507.444124791,6777206.28129191,61.9493401926127
1,2008-06-17T21:08:00,496507.317241629,6777206.16160792,61.9837154885699
1,2008-06-17T21:23:00,496507.231609854,6777206.06387649,62.0205619094263
1,2008-06-18T05:44:00,496503.268165512,6777202.50503688,62.0338100892861
1,2008-06-18T05:59:00,496503.144074267,6777202.39344973,62.0401605498794
1,2008-06-18T06:14:00,496503.020294189,6777202.28122828,62.0575294112799
1,2008-06-18T06:29:00,496502.911273602,6777202.17630416,62.0666672254576
1,2008-06-18T06:44:00,496502.791353406,6777202.06220363,62.0869442345057
1,2008-06-18T06:59:00,496502.686109193,6777201.956045,62.1072446342869
1,2008-06-18T07:14:00,496502.592826401,6777201.85661113,62.1685658401228
1,2008-06-18T07:29:00,496502.473851733,6777201.74058519,62.1945222240151
1,2008-06-18T07:44:00,496502.342521201,6777201.61898122,62.2232275778413
1,2008-06-18T07:59:00,496502.263586853,6777201.52122422,62.2711369830172
1,2008-06-18T08:14:00,496502.170628325,6777201.41513815,62.3246904343283
1,2008-06-18T08:29:00,496502.051391477,6777201.30004259,62.3781180015789
1,2008-06-18T08:44:00,496501.929955399,6777201.18267266,62.4369556283114
1,2008-06-18T08:59:00,496501.836805473,6777201.07685847,62.4821707813338
1,2008-06-18T09:14:00,496501.735121325,6777200.96338227,62.5031315060218
1,2008-06-18T09:29:00,496501.630138039,6777200.85674533,62.5727130050025
1,2008-06-18T09:44:00,496501.536580498,6777200.75189334,62.6124051567814
1,2008-06-18T09:59:00,496501.416705031,6777200.63836228,62.7039882463278
1,2008-06-18T10:14:00,496501.309836807,6777200.5290756,62.7188635622623
1,2008-06-18T10:29:00,496501.205330346,6777200.42177907,62.7583626275404
1,2008-06-18T10:44:00,496501.102745261,6777200.31647723,62.8115089296224
1,2008-06-18T10:59:00,496500.969851209,6777200.19865997,62.8316591046653
1,2008-06-18T11:14:00,496500.864438173,6777200.09315399,62.8244001786107
1,2008-06-18T11:29:00,496500.743017709,6777199.9831062,62.8471524131803
1,2008-06-18T11:44:00,496500.635592165,6777199.88170767,62.8751942437664
1,2008-06-18T11:59:00,496500.493704862,6777199.76360847,62.8566727839103
1,2008-06-18T12:14:00,496500.393181967,6777199.66758932,62.8570290450671
1,2008-06-18T12:29:00,496500.259997952,6777199.55662596,62.849262274318
1,2008-06-18T12:44:00,496500.138911089,6777199.45252527,62.822170747162
1,2008-06-18T12:59:00,496500.010144472,6777199.34501575,62.7979284545182
1,2008-06-18T13:14:00,496499.870407261,6777199.23527923,62.7625370159159
1,2008-06-18T13:29:00,496499.744575999,6777199.13459578,62.7377384163184
1,2008-06-18T13:44:00,496499.582224061,6777199.01510328,62.6802811404907
1,2008-06-18T13:59:00,496499.429153334,6777198.90147904,62.6144377300158
1,2008-06-18T14:14:00,496499.293119817,6777198.79675858,62.559591806141
1,2008-06-18T14:29:00,496499.132546239,6777198.68007848,62.4938196957905
1,2008-06-18T14:44:00,496498.997791937,6777198.57918884,62.4250485576822
1,2008-06-18T14:59:00,496498.835183234,6777198.46640783,62.3451448289402
1,2008-06-18T15:14:00,496498.663445094,6777198.34750183,62.2572735040715
1,2008-06-18T15:29:00,496498.51331694,6777198.24078068,62.1938415251731
1,2008-06-18T15:44:00,496498.377814426,6777198.14156917,62.0976175565258
1,2008-06-18T15:59:00,496498.175622236,6777198.01008467,62.0067721531533
1,2008-06-18T16:14:00,496498.031579122,6777197.90307023,61.8996593102179
1,2008-06-18T16:29:00,496497.854042796,6777197.78406421,61.8198154748495
1,2008-06-18T16:44:00,496497.68977025,6777197.66851124,61.7264517977221
1,2008-06-18T16:59:00,496497.541701753,6777197.5638307,61.6520148557897
1,2008-06-18T17:14:00,496497.395622397,6777197.45544214,61.5888409740044
1,2008-06-18T17:29:00,496497.21678859,6777197.33212647,61.5202028891275
1,2008-06-18T17:44:00,496497.101189528,6777197.23638416,61.4626793268698
1,2008-06-18T17:59:00,496496.936729692,6777197.11490592,61.4217987971981
1,2008-06-18T19:16:00,496496.3522239,6777196.54678888,61.2906106919677
1,2008-06-18T19:31:00,496496.25412722,6777196.44598048,61.2942489380081
1,2008-06-18T19:46:00,496496.126135855,6777196.33162936,61.3197274847271
1,2008-06-18T20:02:00,496496.007894758,6777196.21592358,61.3401830280613
1,2008-06-18T20:16:00,496495.910312808,6777196.12055582,61.3735355623887
1,2008-06-18T20:31:00,496495.815795965,6777196.01878124,61.3993291542596
1,2008-06-18T20:52:00,496495.65041749,6777195.85526807,61.4432604584616
1,2008-06-18T21:01:00,496495.581430339,6777195.78912291,61.4510110787476
1,2008-06-18T21:16:00,496495.492435691,6777195.68894578,61.4850458296349
1,2008-06-18T21:31:00,496495.401292247,6777195.58664275,61.5327525608564
1,2008-06-18T21:46:00,496495.292519569,6777195.4767901,61.5777350513576
1,2008-06-18T22:01:00,496495.181663175,6777195.36491064,61.6172624056319
1,2008-06-18T22:16:00,496495.100549076,6777195.2671478,61.6760088412163
1,2008-06-18T22:31:00,496494.991068811,6777195.15886687,61.7179903563239
1,2008-06-18T22:46:00,496494.894643143,6777195.05515416,61.7601775011004
1,2008-06-18T23:01:00,496494.805467134,6777194.95531953,61.7941538461512
1,2008-06-18T23:16:00,496494.668972455,6777194.83353472,61.849955610478
1,2008-06-18T23:31:00,496494.592839452,6777194.73831687,61.8648181725754
1,2008-06-18T23:46:00,496494.4923022,6777194.63690043,61.9258175589216
1,2008-06-19T00:01:00,496494.380114527,6777194.52804439,61.9377724810023
1,2008-06-19T00:16:00,496494.247046575,6777194.41204353,61.9576133032191
1,2008-06-19T00:31:00,496494.161163844,6777194.31807642,61.9775876378069
1,2008-06-19T00:46:00,496494.030552952,6777194.20340913,61.9864775228357
1,2008-06-19T01:01:00,496493.935922296,6777194.10854667,62.019821481491
1,2008-06-19T01:16:00,496493.828520317,6777194.00927286,62.0203450296899
1,2008-06-19T01:31:00,496493.679707273,6777193.88787904,62.007326312409
1,2008-06-19T01:46:00,496493.55884389,6777193.78475085,62.0129929119555
1,2008-06-19T02:01:00,496493.434370031,6777193.67638979,61.9834340421214
1,2008-06-19T02:16:00,496493.308226009,6777193.5715347,61.9725970093192
1,2008-06-19T02:31:00,496493.191810603,6777193.47176883,61.9536559353761
1,2008-06-19T02:46:00,496493.046117398,6777193.35680325,61.9347902234156
1,2008-06-19T03:01:00,496492.936920664,6777193.26121677,61.9048708994956
1,2008-06-19T03:16:00,496492.783514023,6777193.14366342,61.8667278119892
1,2008-06-19T03:31:00,496492.654903852,6777193.03768789,61.8314645890235
1,2008-06-19T03:46:00,496492.53244573,6777192.93762529,61.7985654228153
1,2008-06-19T04:01:00,496492.399937714,6777192.82727859,61.760713922713
1,2008-06-19T04:16:00,496492.251608273,6777192.71181256,61.7198412227975
1,2008-06-19T04:31:00,496492.123213316,6777192.60549647,61.6872702208328
1,2008-06-19T04:46:00,496491.994700943,6777192.49967767,61.6683477345313
1,2008-06-19T05:01:00,496491.89611266,6777192.40705941,61.6550203927843
1,2008-06-19T05:16:00,496491.749605864,6777192.28815339,61.6171960936275
1,2008-06-19T05:31:00,496491.633935375,6777192.1869185,61.6065522972309
1,2008-06-19T05:46:00,496491.483444176,6777192.06361209,61.5798214520555
1,2008-06-19T06:01:00,496491.384215654,6777191.96651654,61.5776013121463
1,2008-06-19T06:16:00,496491.258877886,6777191.85405871,61.589344357662
1,2008-06-19T06:31:00,496491.139411526,6777191.74830875,61.6144085192768
1,2008-06-19T06:46:00,496491.020625125,6777191.63528366,61.6153731367347
1,2008-06-19T07:01:00,496490.897781507,6777191.52387948,61.6462118663305
1,2008-06-19T07:16:00,496490.813048753,6777191.42822144,61.6718139333296
1,2008-06-19T07:31:00,496490.681949588,6777191.30901497,61.7109693314084
1,2008-06-19T07:46:00,496490.606054117,6777191.21395031,61.7395662230907
1,2008-06-19T08:01:00,496490.501671874,6777191.10891247,61.8141525680087
1,2008-06-19T08:16:00,496490.384347754,6777190.9928229,61.8182065043736
1,2008-06-19T08:31:00,496490.273504407,6777190.88217185,61.8902899461132
1,2008-06-19T08:46:00,496490.188731811,6777190.78064537,61.9271809737654
1,2008-06-19T09:01:00,496490.104139919,6777190.67877274,61.9858391707372
1,2008-06-19T09:16:00,496489.984906726,6777190.56019024,62.0390746391623
1,2008-06-19T09:31:00,496489.902843295,6777190.45949135,62.084148769273
1,2008-06-19T09:46:00,496489.813057868,6777190.3618537,62.1778515556371
1,2008-06-19T10:01:00,496489.70126206,6777190.24724356,62.2228795342768
1,2008-06-19T10:16:00,496489.587997202,6777190.13524042,62.2813539275554
1,2008-06-19T10:31:00,496489.482973086,6777190.02571561,62.3015642809722
1,2008-06-19T10:46:00,496489.40183658,6777189.92956611,62.3299159924439
1,2008-06-19T11:01:00,496489.283722199,6777189.81522266,62.3691960155192
1,2008-06-19T11:16:00,496489.176252884,6777189.7105905,62.4164316520746
1,2008-06-19T11:31:00,496489.083014149,6777189.61415152,62.4388948862269
1,2008-06-19T11:46:00,496488.950554382,6777189.49828068,62.4505619343224
1,2008-06-19T12:01:00,496488.841017032,6777189.39775462,62.47276561143
1,2008-06-19T12:16:00,496488.712742046,6777189.2859615,62.4760328190737
1,2008-06-19T12:31:00,496488.605392308,6777189.18729979,62.4545224519206
1,2008-06-19T12:46:00,496488.475154,6777189.07936753,62.4492094784621
1,2008-06-19T13:01:00,496488.35850164,6777188.98139028,62.457537377285
1,2008-06-19T13:16:00,496488.244941111,6777188.88294203,62.4220479139478
1,2008-06-19T13:31:00,496488.106242325,6777188.77376731,62.3783968035543
1,2008-06-19T13:46:00,496487.981527495,6777188.673275,62.3373762357136
1,2008-06-19T14:01:00,496487.843079044,6777188.56993054,62.2960033096253
1,2008-06-19T14:16:00,496487.700795501,6777188.46210628,62.2303272143624
1,2008-06-19T14:31:00,496487.545742565,6777188.34923228,62.1726351293341
1,2008-06-19T14:46:00,496487.430888443,6777188.25963445,62.1121472995731
1,2008-06-19T15:01:00,496487.284888626,6777188.15297417,62.0298651518575
1,2008-06-19T15:16:00,496487.099439341,6777188.02784363,61.9311174626384
1,2008-06-19T15:31:00,496486.955307224,6777187.92324471,61.8569227141389
1,2008-06-19T15:46:00,496486.781474411,6777187.80536959,61.7581743406914
1,2008-06-19T16:01:00,496486.626916753,6777187.69790445,61.6783318637974
1,2008-06-19T16:16:00,496486.469289835,6777187.59000574,61.598420179044
1,2008-06-19T16:31:00,496486.315418288,6777187.48118308,61.4860691588339
1,2008-06-19T16:46:00,496486.162574233,6777187.37610741,61.40622907331
1,2008-06-19T17:01:00,496486.017364956,6777187.27450651,61.3236577629908
1,2008-06-19T17:16:00,496485.849901316,6777187.15586813,61.2086798395374
1,2008-06-19T17:31:00,496485.697361272,6777187.05045936,61.1643518119805
1,2008-06-19T17:46:00,496485.548089896,6777186.93841465,61.0823559880387
1,2008-06-19T18:01:00,496485.400195811,6777186.82962536,61.0247533542702
1,2008-06-19T18:16:00,496485.263859698,6777186.72236079,60.9646809989234
1,2008-06-19T18:46:00,496484.996823617,6777186.50872365,60.8828864445102
1,2008-06-19T19:01:00,496484.869532455,6777186.40167146,60.8530685274957
1,2008-06-19T19:16:00,496484.714609537,6777186.28274477,60.8505425969338
1,2008-06-19T19:31:00,496484.606394499,6777186.18048978,60.8265353931084
1,2008-06-19T19:46:00,496484.441795003,6777186.0500555,60.8243629384868
1,2008-06-19T20:01:00,496484.378299732,6777185.96830498,60.8224611913485
1,2008-06-19T20:16:00,496484.241886177,6777185.84892405,60.8204769687633
1,2008-06-19T20:31:00,496484.144685944,6777185.74937985,60.8511631124517
1,2008-06-19T20:46:00,496484.038904361,6777185.64232103,60.8631122146207
1,2008-06-19T21:01:00,496483.938786926,6777185.54206236,60.9291964853875
1,2008-06-19T21:16:00,496483.826646954,6777185.4294717,60.9331494842255
1,2008-06-19T21:31:00,496483.72658469,6777185.32314665,60.980582784229
1,2008-06-19T21:46:00,496483.633241751,6777185.22170184,61.0335031066061
1,2008-06-19T22:01:00,496483.541092435,6777185.11786605,61.0646236620553
1,2008-06-19T22:16:00,496483.424256483,6777185.00244934,61.1230932980911
1,2008-06-19T22:31:00,496483.33154698,6777184.89980344,61.1786524494557
1,2008-06-19T22:46:00,496483.225282189,6777184.78772485,61.2153425893746
1,2008-06-19T23:01:00,496483.147391654,6777184.69247914,61.2655849064088
1,2008-06-19T23:16:00,496483.037125207,6777184.58233065,61.3291970733262
1,2008-06-19T23:31:00,496482.93210214,6777184.47382327,61.3685213946317
1,2008-06-19T23:46:00,496482.831092147,6777184.36988526,61.4321107557566
1,2008-06-20T00:01:00,496482.725330429,6777184.26292595,61.454806700092
1,2008-06-20T00:16:00,496482.602774705,6777184.14687882,61.4885443541622
1,2008-06-20T00:31:00,496482.514895994,6777184.05332187,61.5191747404701
1,2008-06-20T00:46:00,496482.418273899,6777183.95260495,61.5363485859733
1,2008-06-20T01:01:00,496482.315047097,6777183.85327021,61.5558588880741
1,2008-06-20T01:16:00,496482.180319297,6777183.73729376,61.5701352877318
1,2008-06-20T01:31:00,496482.095140946,6777183.64436546,61.5598795209944
1,2008-06-20T01:46:00,496481.93108921,6777183.51979596,61.5790528510273
1,2008-06-20T02:01:00,496481.819264125,6777183.41907148,61.5739277879015
1,2008-06-20T02:16:00,496481.68515738,6777183.30837334,61.5687289504727
1,2008-06-20T02:31:00,496481.586226191,6777183.21270474,61.5281725502439
1,2008-06-20T02:46:00,496481.440685005,6777183.10030434,61.5309486391496
1,2008-06-20T03:01:00,496481.299171492,6777182.98557493,61.509287267609
1,2008-06-20T03:16:00,496481.192436194,6777182.89351752,61.5118921401132
1,2008-06-20T03:31:00,496481.080602217,6777182.79339533,61.4358890279943
1,2008-06-20T03:46:00,496480.954051294,6777182.69173411,61.4220932259077
1,2008-06-20T04:01:00,496480.786984483,6777182.56728993,61.3975822762787
1,2008-06-20T04:16:00,496480.661890388,6777182.46297218,61.3378078516264
1,2008-06-20T04:31:00,496480.530973767,6777182.3582322,61.3076904331509
1,2008-06-20T04:46:00,496480.395319733,6777182.25045107,61.2831119332957
1,2008-06-20T05:01:00,496480.244328496,6777182.13046944,61.2315703868419
1,2008-06-20T05:16:00,496480.120537849,6777182.03002646,61.217882533733
1,2008-06-20T05:31:00,496479.976014893,6777181.91586153,61.204322337165
1,2008-06-20T05:46:00,496479.873004604,6777181.82272239,61.1880927965585
1,2008-06-20T06:01:00,496479.751913836,6777181.71649866,61.1638972748663
1,2008-06-20T06:16:00,496479.602307215,6777181.5941014,61.1370856062354
1,2008-06-20T06:31:00,496479.495270454,6777181.49038754,61.1131936086143
1,2008-06-20T06:46:00,496479.376802666,6777181.38537387,61.121758494317
1,2008-06-20T07:01:00,496479.271424361,6777181.2845501,61.1358726187224
1,2008-06-20T07:16:00,496479.127352613,6777181.16373322,61.1691478228147
1,2008-06-20T07:31:00,496479.022357771,6777181.06197489,61.1969610581176
1,2008-06-20T07:46:00,496478.914853674,6777180.95339231,61.1923969396452
1,2008-06-20T08:01:00,496478.823752193,6777180.85468085,61.2340947197155
1,2008-06-20T08:16:00,496478.695172708,6777180.73334705,61.2570268832678
1,2008-06-20T08:31:00,496478.598410342,6777180.63369618,61.3149612585762
1,2008-06-20T08:46:00,496478.485702803,6777180.5173965,61.3570003263887
1,2008-06-20T09:01:00,496478.38854906,6777180.41265589,61.3907447920921
1,2008-06-20T09:16:00,496478.299178365,6777180.3108411,61.4463114962684
1,2008-06-20T09:31:00,496478.208349443,6777180.20538224,61.5074580866311
1,2008-06-20T09:46:00,496478.092488354,6777180.08935101,61.5658193016739
1,2008-06-20T10:01:00,496478.013779948,6777179.99069291,61.6160265093205
1,2008-06-20T10:16:00,496477.936750646,6777179.89484729,61.7097093872106
1,2008-06-20T10:31:00,496477.813420218,6777179.77516332,61.7434463893102
1,2008-06-20T10:46:00,496477.705119176,6777179.66237232,61.7963319763876
1,2008-06-20T11:01:00,496477.608422018,6777179.55693966,61.8409769008391
1,2008-06-20T11:16:00,496477.510934605,6777179.45288706,61.8936319324096
1,2008-06-20T11:31:00,496477.396625694,6777179.34010152,61.9299365205949
1,2008-06-20T11:46:00,496477.298201806,6777179.23840176,61.963287827318
1,2008-06-20T12:01:00,496477.192069336,6777179.13324856,61.9885732503312
1,2008-06-20T12:16:00,496477.072710189,6777179.02468102,62.0326470236673
1,2008-06-20T12:31:00,496476.952461527,6777178.91746971,62.0383885577987
1,2008-06-20T12:46:00,496476.840188972,6777178.81279242,62.0334505291657
1,2008-06-20T13:01:00,496476.716894632,6777178.70578228,62.0336859118009
1,2008-06-20T13:16:00,496476.580491308,6777178.59425116,62.0256508587471
1,2008-06-20T13:31:00,496476.474917702,6777178.50079891,62.0147037913089
1,2008-06-20T13:46:00,496476.338564204,6777178.38965357,61.9848975909807
1,2008-06-20T14:01:00,496476.225092373,6777178.29358119,61.9439852717514
1,2008-06-20T14:16:00,496476.061811651,6777178.17480005,61.9055572526064
1,2008-06-20T14:31:00,496475.937351091,6777178.07634596,61.8562094513978
1,2008-06-20T14:46:00,496475.763555036,6777177.95446866,61.785020922886
1,2008-06-20T15:01:00,496475.6221981,6777177.8470313,61.711221777174
1,2008-06-20T15:16:00,496475.483924222,6777177.74548916,61.642620664625
1,2008-06-20T15:31:00,496475.333893989,6777177.63740052,61.5739636252031
1,2008-06-20T15:46:00,496475.171234988,6777177.5236223,61.4808777839024
1,2008-06-20T16:01:00,496475.019725471,6777177.41849773,61.403946971497
1,2008-06-20T16:16:00,496474.891974052,6777177.32059805,61.2973754656546
1,2008-06-20T16:31:00,496474.702003912,6777177.19452035,61.2040976406213
1,2008-06-20T16:46:00,496474.540002647,6777177.0858274,61.1161876935598
1,2008-06-20T17:01:00,496474.394198628,6777176.98125076,61.0203297565248
2,2008-06-17T06:09:00,496786.021141069,6777685.85207782,64.7565124351945
2,2008-06-17T06:24:00,496785.93837263,6777685.74475949,64.8022585069237
2,2008-06-17T06:39:00,496785.897140366,6777685.71720167,64.8218981959064
2,2008-06-17T06:54:00,496785.850359932,6777685.64685319,64.8105218495141
2,2008-06-17T07:09:00,496785.751543877,6777685.54748669,64.8555988477052
2,2008-06-17T07:24:00,496785.665073621,6777685.44001833,64.8421793960788
2,2008-06-17T07:39:00,496785.529914488,6777685.33244796,64.8985924380884
2,2008-06-17T07:54:00,496785.461455585,6777685.23009076,64.9367145554592
2,2008-06-17T08:09:00,496785.359375957,6777685.12632574,64.9931432271683
2,2008-06-17T08:24:00,496785.32749129,6777685.02866336,65.0202339403601
2,2008-06-17T08:39:00,496785.207406748,6777684.92015635,65.0325380453518
2,2008-06-17T08:54:00,496785.105563116,6777684.81590593,65.0703810785832
2,2008-06-17T09:09:00,496785.026393584,6777684.70970727,65.1013049112854
2,2008-06-17T09:24:00,496784.880481795,6777684.60105434,65.1465051923306
2,2008-06-17T09:39:00,496784.767954673,6777684.49165914,65.1810776317747
2,2008-06-17T09:54:00,496784.706263454,6777684.39464207,65.237261545859
2,2008-06-17T10:09:00,496784.615926072,6777684.28909335,65.2422944601857
2,2008-06-17T10:24:00,496784.503298771,6777684.18179406,65.2507176362246
2,2008-06-17T10:39:00,496784.368856434,6777684.0712047,65.2704482696342
2,2008-06-17T10:54:00,496784.285776189,6777683.96687805,65.2714815055848
2,2008-06-17T11:09:00,496784.184265879,6777683.86104398,65.2615795410948
2,2008-06-17T11:24:00,496784.078968884,6777683.7555569,65.2959766885368
2,2008-06-17T11:39:00,496783.984620993,6777683.6515446,65.2933302665178
2,2008-06-17T11:54:00,496783.813718394,6777683.53539199,65.2907900992803
2,2008-06-17T12:09:00,496783.759840291,6777683.43684765,65.2623873862335
2,2008-06-17T12:24:00,496783.614788301,6777683.32319939,65.2527296393843
2,2008-06-17T12:39:00,496783.502361955,6777683.21541449,65.272190598681
2,2008-06-17T12:54:00,496783.378441521,6777683.10950401,65.2326797651262
2,2008-06-17T13:09:00,496783.292066525,6777683.00363543,65.1861333376604
2,2008-06-17T13:24:00,496783.150699387,6777682.89103783,65.1503116431547
2,2008-06-17T13:39:00,496783.01310463,6777682.77642021,65.1148917119489
2,2008-06-17T13:54:00,496782.853378327,6777682.66105892,65.0830758447331
2,2008-06-17T14:09:00,496782.752972543,6777682.54928362,64.9997479257451
2,2008-06-17T14:24:00,496782.658779413,6777682.44431097,64.9714370258878
2,2008-06-17T14:39:00,496782.495537323,6777682.32860671,64.9616494588745
2,2008-06-17T14:54:00,496782.376551032,6777682.21683708,64.8782149863432
2,2008-06-17T15:09:00,496782.297495981,6777682.11122754,64.8574843818842
2,2008-06-17T15:24:00,496782.116277668,6777681.99109548,64.8109410945792
2,2008-06-17T15:39:00,496782.001155559,6777681.87886871,64.7571575448327
2,2008-06-17T15:54:00,496781.838193178,6777681.76082065,64.7142249033483
2,2008-06-17T16:09:00,496781.707563642,6777681.65161642,64.6711915050792
2,2008-06-17T16:24:00,496781.614346253,6777681.5422778,64.617429226076
2,2008-06-17T16:39:00,496781.469714341,6777681.42684458,64.5597873440267
2,2008-06-17T16:54:00,496781.346513778,6777681.31856591,64.5536314780559
2,2008-06-17T17:09:00,496781.245474192,6777681.2119624,64.5144023966411
2,2008-06-17T17:24:00,496781.111822888,6777681.09995285,64.4936587663569
2,2008-06-17T17:39:00,496780.908687841,6777680.97690106,64.4323142316879
2,2008-06-17T17:54:00,496780.86221864,6777680.88017846,64.4408136841881
2,2008-06-17T18:09:00,496780.731768893,6777680.77065073,64.4493926741264
2,2008-06-17T18:24:00,496780.619753606,6777680.66258751,64.4394702123149
2,2008-06-17T18:39:00,496780.511196363,6777680.5577967,64.4442427932464
2,2008-06-17T18:54:00,496780.403105742,6777680.44964948,64.4420401111745
2,2008-06-17T19:09:00,496780.30867845,6777680.348521,64.4982636864102
2,2008-06-17T19:24:00,496780.178685341,6777680.237199,64.4736777515978
2,2008-06-17T19:39:00,496780.06298909,6777680.13117863,64.5115838318208
2,2008-06-17T19:54:00,496779.958461473,6777680.02385875,64.5165134820706
2,2008-06-17T20:09:00,496779.882748189,6777679.92234858,64.5103459865039
2,2008-06-17T20:24:00,496779.792230248,6777679.82249811,64.5812136955752
2,2008-06-17T20:39:00,496779.683850112,6777679.71624764,64.5786369659355
2,2008-06-17T20:54:00,496779.597249516,6777679.6153297,64.6016300088094
2,2008-06-17T21:09:00,496779.466897612,6777679.506479,64.6249915629797
2,2008-06-17T21:24:00,496779.398925667,6777679.40457757,64.6114802309702
2,2008-06-18T05:45:00,496775.871095518,6777675.89457049,64.7311125554572
2,2008-06-18T06:00:00,496775.767046874,6777675.78793782,64.754359215606
2,2008-06-18T06:15:00,496775.648528884,6777675.67879926,64.7591277723437
2,2008-06-18T06:30:00,496775.540867641,6777675.57145397,64.7788132818716
2,2008-06-18T06:45:00,496775.437014013,6777675.46373159,64.772644501675
2,2008-06-18T07:00:00,496775.325535427,6777675.35811798,64.8251089065386
2,2008-06-18T07:15:00,496775.246881038,6777675.2557649,64.8446037431088
2,2008-06-18T07:30:00,496775.135483522,6777675.14976768,64.8714478071469
2,2008-06-18T07:45:00,496775.020911995,6777675.03980106,64.8799794621243
2,2008-06-18T08:00:00,496774.938445587,6777674.93727779,64.9252092131951
2,2008-06-18T08:15:00,496774.834724054,6777674.83209874,64.9667195544525
2,2008-06-18T08:30:00,496774.737830463,6777674.72785861,65.0082256471051
2,2008-06-18T08:45:00,496774.64468901,6777674.62361989,65.0496223387269
2,2008-06-18T09:00:00,496774.540866951,6777674.51657996,65.0949136248657
2,2008-06-18T09:15:00,496774.440408129,6777674.41234001,65.1180221798735
2,2008-06-18T09:30:00,496774.354742014,6777674.30839872,65.1742349456719
2,2008-06-18T09:45:00,496774.287321744,6777674.20582799,65.1900960546881
2,2008-06-18T10:00:00,496774.146893954,6777674.09743682,65.2681817185859
2,2008-06-18T10:15:00,496774.072166013,6777673.99383285,65.2840364683444
2,2008-06-18T10:30:00,496773.957525222,6777673.88646971,65.2960976890648
2,2008-06-18T10:45:00,496773.864405574,6777673.78187147,65.34143855604
2,2008-06-18T11:00:00,496773.724444717,6777673.66965073,65.3387791507486
2,2008-06-18T11:15:00,496773.631504428,6777673.56588427,65.3618935881899
2,2008-06-18T11:30:00,496773.509370369,6777673.45813906,65.3777401926795
2,2008-06-18T11:45:00,496773.423789759,6777673.35347626,65.393559715582
2,2008-06-18T12:00:00,496773.312837828,6777673.24710179,65.3873724938849
2,2008-06-18T12:15:00,496773.220013697,6777673.14193683,65.3848191314842
2,2008-06-18T12:30:00,496773.112463486,6777673.03720311,65.4006099499092
2,2008-06-18T12:45:00,496772.990752742,6777672.92698362,65.3797672564287
2,2008-06-18T13:00:00,496772.865138209,6777672.81712772,65.3479276511991
2,2008-06-18T13:15:00,496772.750418344,6777672.71056834,65.3491155834304
2,2008-06-18T13:30:00,496772.642924204,6777672.60491578,65.3390949997197
2,2008-06-18T13:45:00,496772.489034802,6777672.48776557,65.2745891088322
2,2008-06-18T14:00:00,496772.374707028,6777672.37781822,65.2501069517002
2,2008-06-18T14:15:00,496772.25292603,6777672.26975682,65.2146571066523
2,2008-06-18T14:30:00,496772.120662428,6777672.15668871,65.1609316134984
2,2008-06-18T14:45:00,496772.017345095,6777672.04846375,65.1402768649293
2,2008-06-18T15:00:00,496771.881344864,6777671.93565607,65.082960295542
2,2008-06-18T15:15:00,496771.716254484,6777671.81931148,65.036565855602
2,2008-06-18T15:30:00,496771.616725421,6777671.7101106,64.9793441587415
2,2008-06-18T15:45:00,496771.495694838,6777671.59745818,64.9147676433892
2,2008-06-18T16:00:00,496771.309005816,6777671.4767975,64.8648981095877
2,2008-06-18T16:15:00,496771.213290229,6777671.36738485,64.8039147134177
2,2008-06-18T16:30:00,496771.044901447,6777671.25057045,64.7686243736188
2,2008-06-18T16:45:00,496770.909271474,6777671.13608439,64.7003734575975
2,2008-06-18T17:00:00,496770.798791121,6777671.02583344,64.6725625188435
2,2008-06-18T17:15:00,496770.684890158,6777670.91630903,64.6114759672257
2,2008-06-18T17:30:00,496770.523601346,6777670.79982678,64.5651699745644
2,2008-06-18T17:45:00,496770.438678009,6777670.6948798,64.5408423680591
2,2008-06-18T18:00:00,496770.299224792,6777670.58165946,64.5165451574497
2,2008-06-18T19:16:00,496769.714719,6777670.01354241,64.4577031278484
2,2008-06-18T19:32:00,496769.662101926,6777669.91536315,64.4552794072805
2,2008-06-18T19:47:00,496769.547738687,6777669.81014856,64.4855592423953
2,2008-06-18T20:03:00,496769.434441748,6777669.69571283,64.5018456861496
2,2008-06-18T20:16:00,496769.337012776,6777669.60086913,64.5206337592209
2,2008-06-18T20:32:00,496769.255256333,6777669.49899432,64.5364885115431
2,2008-06-18T20:53:00,496769.1028687,6777669.34897573,64.550675110258
2,2008-06-18T21:01:00,496769.022663507,6777669.28763475,64.582556631329
2,2008-06-18T21:16:00,496768.948107568,6777669.1887645,64.6164713544675
2,2008-06-18T21:32:00,496768.852047051,6777669.08480289,64.6321877779037
2,2008-06-18T22:02:00,496768.681011942,6777668.88428583,64.7073537606866
2,2008-06-18T22:17:00,496768.591897612,6777668.78229809,64.7414405786878
2,2008-06-18T22:32:00,496768.473936413,6777668.6772491,64.7862602644699
2,2008-06-18T22:47:00,496768.388337281,6777668.5778542,64.8311532602322
2,2008-06-18T23:02:00,496768.314026348,6777668.47689949,64.8176394017559
2,2008-06-18T23:17:00,496768.206834932,6777668.37317686,64.8589054137178
2,2008-06-18T23:32:00,496768.106969037,6777668.2713871,64.907226843427
2,2008-06-18T23:47:00,496768.025279981,6777668.17013235,64.926701793796
2,2008-06-19T00:02:00,496767.918074795,6777668.06771043,64.9459103970592
2,2008-06-19T00:17:00,496767.800340769,6777667.96084662,64.9580345123488
2,2008-06-19T00:32:00,496767.707753994,6777667.85879963,64.9736467203702
2,2008-06-19T00:47:00,496767.640565122,6777667.7607219,64.9856888798494
2,2008-06-19T01:01:00,496767.493713278,6777667.65022848,64.9902795035531
2,2008-06-19T01:17:00,496767.415914216,6777667.55020613,64.994974639758
2,2008-06-19T01:32:00,496767.283386827,6777667.4430583,65.0142292682797
2,2008-06-19T01:47:00,496767.198153812,6777667.34215274,65.0227271718111
2,2008-06-19T02:02:00,496767.058958457,6777667.23163738,64.9981745080747
2,2008-06-19T02:17:00,496766.977504374,6777667.13055139,65.0028969585455
2,2008-06-19T02:32:00,496766.834966084,6777667.01762045,64.9712171845113
2,2008-06-19T02:47:00,496766.72444553,6777666.9125228,64.9613332732024
2,2008-06-19T03:02:00,496766.621351201,6777666.8077009,64.936896869556
2,2008-06-19T03:17:00,496766.496658753,6777666.69960397,64.9379796081115
2,2008-06-19T03:32:00,496766.372152705,6777666.59033782,64.917299671594
2,2008-06-19T03:47:00,496766.276342756,6777666.48513442,64.8855841519376
2,2008-06-19T04:02:00,496766.177203108,6777666.37913338,64.8575702442665
2,2008-06-19T04:17:00,496766.030890669,6777666.26645972,64.8332305316311
2,2008-06-19T04:31:00,496765.916913753,6777666.16115823,64.8488439742649
2,2008-06-19T04:47:00,496765.82145706,6777666.05575041,64.8317440049431
2,2008-06-19T05:02:00,496765.751236622,6777665.95524502,64.8001237059356
2,2008-06-19T05:17:00,496765.616026053,6777665.84352115,64.7830567038571
2,2008-06-19T05:32:00,496765.527329341,6777665.74219653,64.7768388857312
2,2008-06-19T05:47:00,496765.384891451,6777665.62919181,64.7561076705749
2,2008-06-19T06:01:00,496765.285780009,6777665.52378898,64.768292830145
2,2008-06-19T06:17:00,496765.182853731,6777665.4200146,64.8021719782761
2,2008-06-19T06:32:00,496765.079550048,6777665.3170964,64.8250938829865
2,2008-06-19T06:47:00,496764.970250327,6777665.20708663,64.7898795479979
2,2008-06-19T07:02:00,496764.848986405,6777665.10079884,64.82742089352
2,2008-06-19T07:16:00,496764.774729201,6777665.00228811,64.8722668927412
2,2008-06-19T07:32:00,496764.646610325,6777664.89307775,64.884286565409
2,2008-06-19T07:47:00,496764.576367485,6777664.79364457,64.9109472255974
2,2008-06-19T08:02:00,496764.466168226,6777664.68844999,64.9302447331878
2,2008-06-19T08:17:00,496764.374164111,6777664.58618355,64.9823595060092
2,2008-06-19T08:32:00,496764.249355454,6777664.4801926,65.0454418903436
2,2008-06-19T08:47:00,496764.172037593,6777664.37856902,65.0793712339034
2,2008-06-19T09:02:00,496764.116555371,6777664.27947236,65.0915355128151
2,2008-06-19T09:17:00,496763.992425402,6777664.17005756,65.1182850691896
2,2008-06-19T09:32:00,496763.881978559,6777664.06621188,65.192109509371
2,2008-06-19T09:47:00,496763.832939151,6777663.9732201,65.2622851401109
2,2008-06-19T10:02:00,496763.71573602,6777663.86669677,65.2961416906991
2,2008-06-19T10:17:00,496763.641930002,6777663.76605901,65.3301524156542
2,2008-06-19T10:32:00,496763.503114897,6777663.65761284,65.3783736843803
2,2008-06-19T10:47:00,496763.440396442,6777663.55673831,65.3687659837302
2,2008-06-19T11:02:00,496763.337643875,6777663.45261913,65.3990504954224
2,2008-06-19T11:17:00,496763.213194135,6777663.34527888,65.429201202573
2,2008-06-19T11:32:00,496763.142628128,6777663.24829553,65.4664400316851
2,2008-06-19T11:47:00,496763.029125707,6777663.14258369,65.4784734674489
2,2008-06-19T12:02:00,496762.915066217,6777663.04073995,65.5450162089053
2,2008-06-19T12:17:00,496762.798266753,6777662.93237713,65.4987679694769
2,2008-06-19T12:32:00,496762.699323115,6777662.82821818,65.4815704847992
2,2008-06-19T12:47:00,496762.592912345,6777662.72524463,65.4788172335918
2,2008-06-19T13:02:00,496762.489772033,6777662.62359713,65.5198372553701
2,2008-06-19T13:17:00,496762.379906419,6777662.51903188,65.4881478105018
2,2008-06-19T13:32:00,496762.277237643,6777662.41528642,65.4707731299908
2,2008-06-19T13:47:00,496762.182217158,6777662.31020643,65.4173289321441
2,2008-06-19T14:02:00,496762.072011227,6777662.20732476,65.4182182013762
2,2008-06-19T14:17:00,496761.933703503,6777662.09528608,65.3648113605492
2,2008-06-19T14:32:00,496761.820469466,6777661.98975969,65.32568955484
2,2008-06-19T14:47:00,496761.713982425,6777661.88628093,65.3339880099138
2,2008-06-19T15:02:00,496761.568554403,6777661.77247819,65.2405077941107
2,2008-06-19T15:17:00,496761.43784232,6777661.66161401,65.1797790367975
2,2008-06-19T15:32:00,496761.310180502,6777661.55177861,65.1299093190451
2,2008-06-19T15:47:00,496761.182738204,6777661.44236646,65.0874976523889
2,2008-06-19T16:02:00,496761.055403226,6777661.33235006,65.0339808275919
2,2008-06-19T16:17:00,496760.935228174,6777661.22338806,64.9804712073407
2,2008-06-19T16:32:00,496760.793954715,6777661.10917552,64.8981111302744
2,2008-06-19T16:47:00,496760.65516237,6777660.99979832,64.8700488120552
2,2008-06-19T17:02:00,496760.57103786,6777660.89858988,64.8419903784456
2,2008-06-19T17:17:00,496760.447797273,6777660.78572255,64.7450475318044
2,2008-06-19T17:32:00,496760.31283802,6777660.67767065,64.7315049887408
2,2008-06-19T17:47:00,496760.164122381,6777660.56324946,64.6673503822799
2,2008-06-19T18:02:00,496760.050977782,6777660.4577346,64.6501838705128
2,2008-06-19T18:17:00,496759.963213333,6777660.35472043,64.6185457739607
2,2008-06-19T18:47:00,496759.725987827,6777660.14190503,64.5733586695721
2,2008-06-19T19:02:00,496759.623437683,6777660.04043726,64.5924884626294
2,2008-06-19T19:17:00,496759.474528392,6777659.92800502,64.53912862322
2,2008-06-19T19:32:00,496759.39401826,6777659.82660515,64.5547639451926
2,2008-06-19T19:47:00,496759.234045764,6777659.71475984,64.5522414522837
2,2008-06-19T20:02:00,496759.170986165,6777659.61920407,64.5713700909039
2,2008-06-19T20:16:00,496759.032562372,6777659.51069774,64.5433044249553
2,2008-06-19T20:31:00,496758.966287132,6777659.41374579,64.5552779680571
2,2008-06-19T20:47:00,496758.842326139,6777659.30715837,64.5781682495142
2,2008-06-19T21:02:00,496758.746678478,6777659.20814167,64.6336147850619
2,2008-06-19T21:17:00,496758.651862344,6777659.10546047,64.6201256660444
2,2008-06-19T21:32:00,496758.563785772,6777659.00564842,64.6682045495074
2,2008-06-19T21:47:00,496758.472283389,6777658.90314125,64.6767265471849
2,2008-06-19T22:02:00,496758.402184039,6777658.8073563,64.7211929598648
2,2008-06-19T22:17:00,496758.271129403,6777658.70002476,64.751247867951
2,2008-06-19T22:32:00,496758.179740706,6777658.59876904,64.8104850919864
2,2008-06-19T22:47:00,496758.095328894,6777658.49879567,64.8369820940732
2,2008-06-19T23:02:00,496758.022133059,6777658.4001166,64.8561686575622
2,2008-06-19T23:17:00,496757.873324416,6777658.28874729,64.8717534985271
2,2008-06-19T23:32:00,496757.821420039,6777658.19318068,64.8982709385456
2,2008-06-19T23:47:00,496757.719034765,6777658.09142141,64.9610855664688
2,2008-06-20T00:02:00,496757.577332985,6777657.9815794,64.9948255701387
2,2008-06-20T00:17:00,496757.496769812,6777657.88293358,65.0357878214057
2,2008-06-20T00:32:00,496757.405708238,6777657.78019055,65.040375399718
2,2008-06-20T00:47:00,496757.325115716,6777657.68014431,65.0560243452362
2,2008-06-20T01:02:00,496757.233606206,6777657.57963177,65.0751403608643
2,2008-06-20T01:17:00,496757.099148466,6777657.47146391,65.083325042903
2,2008-06-20T01:32:00,496757.022528089,6777657.3708111,65.07718918289
2,2008-06-20T01:47:00,496756.873466369,6777657.26130216,65.0927809671257
2,2008-06-20T02:02:00,496756.760661827,6777657.1556947,65.0973400978296
2,2008-06-20T02:17:00,496756.626460442,6777657.04714806,65.0803021972159
2,2008-06-20T02:32:00,496756.568026493,6777656.94833777,65.0668947741375
2,2008-06-20T02:47:00,496756.430030311,6777656.84055046,65.0933346987014
2,2008-06-20T03:02:00,496756.313885489,6777656.73292077,65.0617526423646
2,2008-06-20T03:17:00,496756.229739364,6777656.63356018,65.0735354202619
2,2008-06-20T03:32:00,496756.132067716,6777656.52744978,65.0276460825146
2,2008-06-20T03:46:00,496755.99761756,6777656.42028123,65.0285840004035
2,2008-06-20T04:02:00,496755.859793081,6777656.31104543,65.0477750813527
2,2008-06-20T04:17:00,496755.754841682,6777656.2034733,65.0054431899076
2,2008-06-20T04:32:00,496755.63519835,6777656.09594205,64.9775035121402
2,2008-06-20T04:46:00,496755.537118501,6777655.99210988,64.9568659406399
2,2008-06-20T05:02:00,496755.407139967,6777655.87964881,64.9146028381073
2,2008-06-20T05:17:00,496755.294251081,6777655.77758584,64.9589700253551
2,2008-06-20T05:32:00,496755.160589563,6777655.6660468,64.9166322480725
2,2008-06-20T05:47:00,496755.077225233,6777655.56333371,64.8850876913332
2,2008-06-20T06:01:00,496754.997106203,6777655.46197637,64.8970131662637
2,2008-06-20T06:17:00,496754.841888348,6777655.34715632,64.8838210995191
2,2008-06-20T06:32:00,496754.761910732,6777655.24591627,64.888554618086
2,2008-06-20T06:47:00,496754.653154881,6777655.1399358,64.8786718895226
2,2008-06-20T07:02:00,496754.541022106,6777655.03363083,64.872568261317
2,2008-06-20T07:17:00,496754.428109572,6777654.93075796,64.9314591419358
2,2008-06-20T07:32:00,496754.343940351,6777654.8321281,64.9869578667158
2,2008-06-20T07:47:00,496754.221375368,6777654.72166595,64.9626985111761
2,2008-06-20T08:02:00,496754.148177924,6777654.62499549,65.0325418912272
2,2008-06-20T08:17:00,496754.043134691,6777654.51951982,65.0409416077307
2,2008-06-20T08:32:00,496753.944795878,6777654.4178445,65.0999931774439
2,2008-06-20T08:47:00,496753.861673482,6777654.31455566,65.0866449791312
2,2008-06-20T09:02:00,496753.745966165,6777654.20728672,65.1022293656383
2,2008-06-20T09:17:00,496753.676864136,6777654.10761108,65.1432530325197
2,2008-06-20T09:32:00,496753.582434482,6777654.00580128,65.1986691659881
2,2008-06-20T09:47:00,496753.481158971,6777653.90044361,65.2180478669692
2,2008-06-20T10:02:00,496753.408130284,6777653.80241302,65.2914446171044
2,2008-06-20T10:17:00,496753.29629471,6777653.69536766,65.3288325922499
2,2008-06-20T10:32:00,496753.201881293,6777653.59293185,65.3734251522296
2,2008-06-20T10:47:00,496753.115031661,6777653.48957477,65.3890171585272
2,2008-06-20T11:02:00,496753.028015022,6777653.38736969,65.4263411831497
2,2008-06-20T11:17:00,496752.898144774,6777653.27758419,65.456400796766
2,2008-06-20T11:32:00,496752.796686322,6777653.17401366,65.5009780422403
2,2008-06-20T11:47:00,496752.706115285,6777653.07195633,65.5237676210438
2,2008-06-20T12:02:00,496752.633142874,6777652.9733122,65.5683103597232
2,2008-06-20T12:17:00,496752.52110651,6777652.86828207,65.5982502775311
2,2008-06-20T12:32:00,496752.408836669,6777652.76314836,65.5992258052609
2,2008-06-20T12:47:00,496752.293457853,6777652.65600231,65.600281847367
2,2008-06-20T13:02:00,496752.228207952,6777652.55647702,65.5976960523021
2,2008-06-20T13:17:00,496752.080155032,6777652.44622716,65.5986463649914
2,2008-06-20T13:32:00,496751.978719843,6777652.34236245,65.5926002492797
2,2008-06-20T13:47:00,496751.888399802,6777652.24021346,65.5862952648951
2,2008-06-20T14:02:00,496751.751271714,6777652.12975202,65.5620446456317
2,2008-06-20T14:17:00,496751.657126875,6777652.02772222,65.5413584736884
2,2008-06-20T14:32:00,496751.537974467,6777651.9208627,65.513420079297
2,2008-06-20T14:47:00,496751.386728202,6777651.80887401,65.4746666439319
2,2008-06-20T15:02:00,496751.286255686,6777651.7011144,65.4142093233572
2,2008-06-20T15:17:00,496751.159770226,6777651.59328579,65.3718006653706
2,2008-06-20T15:32:00,496751.026543723,6777651.48304277,65.3512417433044
2,2008-06-20T15:47:00,496750.925773039,6777651.37663088,65.2799083742472
2,2008-06-20T16:02:00,496750.778218248,6777651.2644344,65.2375707993781
2,2008-06-20T16:17:00,496750.685020324,6777651.15796266,65.1809190858067
2,2008-06-20T16:32:00,496750.533735539,6777651.04534532,65.1422329115926
2,2008-06-20T16:47:00,496750.390175337,6777650.93163102,65.0709593573381
2,2008-06-20T17:02:00,496750.300069639,6777650.82763023,65.0142227265251
3,2008-06-17T06:10:00,496669.075411395,6777290.05010577,68.2005649474766
3,2008-06-17T06:25:00,496668.980843124,6777289.94000024,68.220070466299
3,2008-06-17T06:40:00,496668.947953945,6777289.91190111,68.2409746089921
3,2008-06-17T06:55:00,496668.888133671,6777289.84426641,68.2665560171735
3,2008-06-17T07:10:00,496668.767269953,6777289.73430982,68.3051594146046
3,2008-06-17T07:25:00,496668.691001203,6777289.63183103,68.3159120879095
3,2008-06-17T07:40:00,496668.549423916,6777289.51231113,68.368780060327
3,2008-06-17T07:55:00,496668.470090792,6777289.41037639,68.4075038862779
3,2008-06-17T08:10:00,496668.364449201,6777289.29815157,68.412788390936
3,2008-06-17T08:25:00,496668.281515362,6777289.19939845,68.5045361450458
3,2008-06-17T08:40:00,496668.192447188,6777289.09040297,68.5043540071946
3,2008-06-17T08:55:00,496668.094334739,6777288.98259715,68.5430949843425
3,2008-06-17T09:10:00,496667.990969195,6777288.87335469,68.567798473566
3,2008-06-17T09:25:00,496667.85956541,6777288.75999174,68.6398903762159
3,2008-06-17T09:40:00,496667.755621493,6777288.65218208,68.6730593962805
3,2008-06-17T09:55:00,496667.668112165,6777288.54912749,68.7004653259693
3,2008-06-17T10:10:00,496667.564063627,6777288.44254929,68.7222439168205
3,2008-06-17T10:25:00,496667.467661866,6777288.33908991,68.7354831705499
3,2008-06-17T10:40:00,496667.33337467,6777288.22585326,68.7626832087392
3,2008-06-17T10:55:00,496667.193561768,6777288.11142186,68.7731083459328
3,2008-06-17T11:10:00,496667.110238212,6777288.01428174,68.7721519099807
3,2008-06-17T11:25:00,496666.988773567,6777287.90754134,68.7739418870997
3,2008-06-17T11:40:00,496666.88076695,6777287.80454115,68.7673641987726
3,2008-06-17T11:55:00,496666.712517721,6777287.68764801,68.7773241909138
3,2008-06-17T12:10:00,496666.631748183,6777287.59209617,68.7371797625591
3,2008-06-17T12:25:00,496666.479192883,6777287.48150009,68.7442979485018
3,2008-06-17T12:40:00,496666.349024276,6777287.37465089,68.7067063753045
3,2008-06-17T12:55:00,496666.212899764,6777287.26848827,68.6662435255291
3,2008-06-17T13:10:00,496666.114349728,6777287.17397486,68.6397391447615
3,2008-06-17T13:25:00,496665.950742323,6777287.06187384,68.6046066162744
3,2008-06-17T13:40:00,496665.811921116,6777286.95467467,68.5389658748284
3,2008-06-17T13:55:00,496665.637411284,6777286.84005403,68.5206381594243
3,2008-06-17T14:10:00,496665.509379771,6777286.7367884,68.4605977672488
3,2008-06-17T14:25:00,496665.38364238,6777286.63511631,68.3696578234853
3,2008-06-17T14:40:00,496665.224928568,6777286.52646862,68.3288675892975
3,2008-06-17T14:55:00,496665.083021788,6777286.42084165,68.2630980879341
3,2008-06-17T15:10:00,496664.964927583,6777286.32348805,68.2111490347459
3,2008-06-17T15:25:00,496664.766202124,6777286.20213317,68.1537217577738
3,2008-06-17T15:40:00,496664.615808753,6777286.09515788,68.1046279478938
3,2008-06-17T15:55:00,496664.4663952,6777285.98556347,68.022169598598
3,2008-06-17T16:10:00,496664.324604193,6777285.87949974,67.9592811671542
3,2008-06-17T16:25:00,496664.193566363,6777285.77630063,67.9158587153331
3,2008-06-17T16:40:00,496664.036381594,6777285.66323874,67.8615101569134
3,2008-06-17T16:55:00,496663.899792349,6777285.55937939,67.8320390865058
3,2008-06-17T17:10:00,496663.766954075,6777285.45313022,67.7833520252124
3,2008-06-17T17:25:00,496663.607575447,6777285.33767987,67.7570331781587
3,2008-06-17T17:40:00,496663.429017105,6777285.21740563,67.7335921311624
3,2008-06-17T17:55:00,496663.333841638,6777285.12285144,67.7350190831464
3,2008-06-17T18:10:00,496663.21301444,6777285.01491783,67.7034971975449
3,2008-06-17T18:25:00,496663.078789223,6777284.90323751,67.6885880285389
3,2008-06-17T18:40:00,496662.955048414,6777284.79606854,67.6876815088184
3,2008-06-17T18:55:00,496662.845757939,6777284.68984705,67.6784237684557
3,2008-06-17T19:10:00,496662.738041704,6777284.58769553,67.7278358547387
3,2008-06-17T19:25:00,496662.612809827,6777284.47568845,67.7243914945677
3,2008-06-17T19:40:00,496662.468146213,6777284.36048136,67.7626724981062
3,2008-06-17T19:55:00,496662.381227541,6777284.25741425,67.7592617867321
3,2008-06-17T20:10:00,496662.272307687,6777284.1494901,67.769847319914
3,2008-06-17T20:25:00,496662.187190974,6777284.05047072,67.8166378370742
3,2008-06-17T20:40:00,496662.056732398,6777283.93688986,67.8578796402592
3,2008-06-17T20:55:00,496661.991142698,6777283.84053749,67.8628819002104
3,2008-06-17T21:10:00,496661.868959686,6777283.72860506,67.9014456082316
3,2008-06-17T21:25:00,496661.779326683,6777283.62508657,67.9259805111463
3,2008-06-18T05:46:00,496657.866424884,6777280.10791524,67.9760878166636
3,2008-06-18T06:01:00,496657.771291473,6777280.00577115,67.9835909381508
3,2008-06-18T06:16:00,496657.632594999,6777279.89270234,68.0106532135269
3,2008-06-18T06:31:00,496657.505402268,6777279.78018588,68.0127902852855
3,2008-06-18T06:46:00,496657.408102228,6777279.67488621,68.0149284988589
3,2008-06-18T07:01:00,496657.291818806,6777279.56535207,68.0364565957924
3,2008-06-18T07:16:00,496657.202147353,6777279.46418206,68.0803365103596
3,2008-06-18T07:31:00,496657.091863698,6777279.35398756,68.1049250465663
3,2008-06-18T07:46:00,496656.959880436,6777279.23847262,68.1376717126495
3,2008-06-18T08:01:00,496656.873535676,6777279.13543943,68.1789090469593
3,2008-06-18T08:16:00,496656.763686972,6777279.0246688,68.2090510959872
3,2008-06-18T08:31:00,496656.672185735,6777278.92002523,68.2642347184724
3,2008-06-18T08:46:00,496656.564735013,6777278.81013419,68.2972661167001
3,2008-06-18T09:01:00,496656.465631719,6777278.70222472,68.3384527629652
3,2008-06-18T09:16:00,496656.366433613,6777278.59433915,68.3657826670724
3,2008-06-18T09:31:00,496656.259106969,6777278.4845641,68.4154514886476
3,2008-06-18T09:46:00,496656.164464458,6777278.38053753,68.4788316682195
3,2008-06-18T10:01:00,496656.043451969,6777278.26822607,68.5060158403279
3,2008-06-18T10:16:00,496655.954549231,6777278.16476117,68.5388567701319
3,2008-06-18T10:31:00,496655.835925486,6777278.05442201,68.5770866501217
3,2008-06-18T10:46:00,496655.741271838,6777277.9506577,68.5931769639508
3,2008-06-18T11:01:00,496655.60605709,6777277.83698489,68.6173537127906
3,2008-06-18T11:16:00,496655.49758685,6777277.73148678,68.6303784053035
3,2008-06-18T11:31:00,496655.375458978,6777277.62295768,68.6433353849675
3,2008-06-18T11:46:00,496655.272185404,6777277.51949629,68.6564245622239
3,2008-06-18T12:01:00,496655.125518282,6777277.40545896,68.6581317560003
3,2008-06-18T12:16:00,496655.03749372,6777277.31007012,68.6625676281851
3,2008-06-18T12:31:00,496654.919967055,6777277.20569948,68.6419490482552
3,2008-06-18T12:46:00,496654.799318517,6777277.10201248,68.6296508237479
3,2008-06-18T13:01:00,496654.675961686,6777276.99761966,68.6116322153847
3,2008-06-18T13:16:00,496654.54166821,6777276.89093374,68.5853324560629
3,2008-06-18T13:31:00,496654.404638687,6777276.78399236,68.5450647178668
3,2008-06-18T13:46:00,496654.240402027,6777276.67131927,68.5240939100185
3,2008-06-18T14:01:00,496654.113799999,6777276.56820826,68.4725593372406
3,2008-06-18T14:16:00,496653.973703347,6777276.46189673,68.4182703111034
3,2008-06-18T14:31:00,496653.822537935,6777276.35374604,68.3777224583581
3,2008-06-18T14:46:00,496653.689951109,6777276.25189651,68.3260053354351
3,2008-06-18T15:01:00,496653.519605771,6777276.1396487,68.2798471359948
3,2008-06-18T15:16:00,496653.363401257,6777276.02891054,68.1810590619675
3,2008-06-18T15:31:00,496653.232866116,6777275.93019402,68.1291947092823
3,2008-06-18T15:46:00,496653.110618331,6777275.83256133,68.0579872392904
3,2008-06-18T16:01:00,496652.897914016,6777275.70695571,67.9896478306458
3,2008-06-18T16:16:00,496652.773254403,6777275.6076972,67.9213164603773
3,2008-06-18T16:31:00,496652.600380526,6777275.49519044,67.8557177611243
3,2008-06-18T16:46:00,496652.435614658,6777275.38402952,67.790094434339
3,2008-06-18T17:01:00,496652.300647937,6777275.28087063,67.7190288248371
3,2008-06-18T17:16:00,496652.168226675,6777275.1790661,67.6785809117438
3,2008-06-18T17:31:00,496651.982665347,6777275.05986272,67.6185980314262
3,2008-06-18T17:46:00,496651.88602775,6777274.96537123,67.5672650236222
3,2008-06-18T18:01:00,496651.735352164,6777274.85612775,67.5518909828403
3,2008-06-18T19:17:00,496651.180615148,6777274.27191343,67.4511664070692
3,2008-06-18T19:32:00,496651.096568501,6777274.17392971,67.4530925053773
3,2008-06-18T19:47:00,496650.970276588,6777274.06213999,67.45508680226
3,2008-06-18T20:03:00,496650.850793773,6777273.94695502,67.4908651209703
3,2008-06-18T20:17:00,496650.763102807,6777273.8514775,67.4925528015243
3,2008-06-18T20:32:00,496650.66110311,6777273.74583179,67.5224421212337
3,2008-06-18T20:54:00,496650.493236793,6777273.5888088,67.5738869605797
3,2008-06-18T21:02:00,496650.430221242,6777273.52727401,67.587655917118
3,2008-06-18T21:17:00,496650.336888555,6777273.42224501,67.6121596578273
3,2008-06-18T21:32:00,496650.227525736,6777273.31241944,67.6449608303147
3,2008-06-18T21:48:00,496650.148236254,6777273.20921942,67.6945265454547
3,2008-06-18T22:02:00,496650.027413737,6777273.09894638,67.7188178839026
3,2008-06-18T22:17:00,496649.952240007,6777273.00093704,67.7653155248111
3,2008-06-18T22:32:00,496649.83713002,6777272.89094351,67.8063977122233
3,2008-06-18T22:47:00,496649.727534009,6777272.78251973,67.8389789696109
3,2008-06-18T23:02:00,496649.655485369,6777272.68402514,67.8439460411353
3,2008-06-18T23:17:00,496649.534640483,6777272.57446152,67.9014755456835
3,2008-06-18T23:32:00,496649.4301993,6777272.46820535,67.9285044046526
3,2008-06-18T23:47:00,496649.341855209,6777272.36591217,67.9500896799454
3,2008-06-19T00:02:00,496649.199349234,6777272.25059312,67.9686497683721
3,2008-06-19T00:17:00,496649.102622208,6777272.14773079,67.9817021646244
3,2008-06-19T00:32:00,496648.994610587,6777272.043451,68.0085195845543
3,2008-06-19T00:47:00,496648.89993398,6777271.94359229,68.0186140727698
3,2008-06-19T01:02:00,496648.772657528,6777271.83595436,68.0369656113678
3,2008-06-19T01:17:00,496648.68322024,6777271.73825398,68.0333250323276
3,2008-06-19T01:32:00,496648.540351707,6777271.62449895,68.0183746335023
3,2008-06-19T01:47:00,496648.431229994,6777271.5244785,68.0226926302747
3,2008-06-19T02:02:00,496648.295214638,6777271.41722441,68.0408393799102
3,2008-06-19T02:17:00,496648.181544226,6777271.31334098,68.0036390472309
3,2008-06-19T02:32:00,496648.053584217,6777271.20829234,67.9968155536627
3,2008-06-19T02:47:00,496647.909394643,6777271.09917646,67.9954303771176
3,2008-06-19T03:02:00,496647.797770425,6777270.99802019,67.966494242537
3,2008-06-19T03:17:00,496647.646474837,6777270.88418027,67.9154148146356
3,2008-06-19T03:32:00,496647.536987199,6777270.78573711,67.9085320815173
3,2008-06-19T03:47:00,496647.424630045,6777270.68645414,67.887759963489
3,2008-06-19T04:02:00,496647.297154857,6777270.58050664,67.8754132107413
3,2008-06-19T04:17:00,496647.150630702,6777270.46979944,67.849111709979
3,2008-06-19T04:32:00,496647.018157421,6777270.3611459,67.8063763447105
3,2008-06-19T04:47:00,496646.895646092,6777270.25797184,67.8051391884374
3,2008-06-19T05:02:00,496646.805249707,6777270.16383277,67.7927680089065
3,2008-06-19T05:17:00,496646.665611489,6777270.05037792,67.7584990331098
3,2008-06-19T05:32:00,496646.559724348,6777269.94949512,67.7407673663795
3,2008-06-19T05:47:00,496646.406723402,6777269.83262716,67.7314238357692
3,2008-06-19T06:02:00,496646.298619752,6777269.72986951,67.7414317062695
3,2008-06-19T06:17:00,496646.175001248,6777269.62109566,67.7489226800886
3,2008-06-19T06:32:00,496646.067620325,6777269.516438,67.759064970787
3,2008-06-19T06:47:00,496645.949865485,6777269.4077801,67.7581760711329
3,2008-06-19T07:02:00,496645.831864011,6777269.29964245,67.7877961991047
3,2008-06-19T07:17:00,496645.742989115,6777269.2006715,67.8423558422555
3,2008-06-19T07:32:00,496645.61504256,6777269.08720691,67.8555430577704
3,2008-06-19T07:47:00,496645.541162839,6777268.9875786,67.8661166493669
3,2008-06-19T08:02:00,496645.420948986,6777268.87733479,67.9207651442083
3,2008-06-19T08:17:00,496645.314572741,6777268.77014309,67.958718624479
3,2008-06-19T08:32:00,496645.189716005,6777268.65606859,68.0024316322771
3,2008-06-19T08:47:00,496645.124429641,6777268.5569481,68.0130316334389
3,2008-06-19T09:02:00,496645.044924922,6777268.45679597,68.0707098772192
3,2008-06-19T09:17:00,496644.923644345,6777268.34114571,68.0923295748394
3,2008-06-19T09:32:00,496644.81672762,6777268.23530201,68.1746584088429
3,2008-06-19T09:47:00,496644.739880454,6777268.13584489,68.2017956860103
3,2008-06-19T10:02:00,496644.628810567,6777268.02526138,68.2509112374364
3,2008-06-19T10:17:00,496644.540560967,6777267.92486795,68.3000179309558
3,2008-06-19T10:32:00,496644.4211244,6777267.81336424,68.3436265379944
3,2008-06-19T10:47:00,496644.334119763,6777267.70939026,68.337521077517
3,2008-06-19T11:02:00,496644.2298553,6777267.60476619,68.3753953630784
3,2008-06-19T11:17:00,496644.109408496,6777267.49635872,68.4160774285367
3,2008-06-19T11:32:00,496644.017716753,6777267.39820638,68.4316374311863
3,2008-06-19T11:47:00,496643.891658916,6777267.28944459,68.4554685404287
3,2008-06-19T12:02:00,496643.78347575,6777267.18855842,68.4680782476125
3,2008-06-19T12:17:00,496643.670035649,6777267.08544401,68.4725484460604
3,2008-06-19T12:32:00,496643.54851662,6777266.98076858,68.4684819034956
3,2008-06-19T12:47:00,496643.432140675,6777266.87845412,68.4532998096128
3,2008-06-19T13:02:00,496643.315112553,6777266.77795329,68.4519453623839
3,2008-06-19T13:17:00,496643.195433618,6777266.67660676,68.4284618402999
3,2008-06-19T13:32:00,496643.067007718,6777266.57551302,68.4101710750664
3,2008-06-19T13:47:00,496642.955477295,6777266.47632781,68.3672786008934
3,2008-06-19T14:02:00,496642.815966545,6777266.37363877,68.3461803910237
3,2008-06-19T14:17:00,496642.68553336,6777266.27007772,68.2809719883597
3,2008-06-19T14:32:00,496642.527233535,6777266.16265832,68.2543240461019
3,2008-06-19T14:47:00,496642.395820973,6777266.06201353,68.2055588925513
3,2008-06-19T15:02:00,496642.272461677,6777265.9634418,68.1070028632513
3,2008-06-19T15:17:00,496642.095892085,6777265.84969825,68.0582831298346
3,2008-06-19T15:32:00,496641.953243305,6777265.74800718,68.0011027194835
3,2008-06-19T15:47:00,496641.799205547,6777265.64565047,67.9188312471484
3,2008-06-19T16:02:00,496641.638592441,6777265.54630595,67.8637340599422
3,2008-06-19T16:17:00,496641.477545284,6777265.43870368,67.7984080555154
3,2008-06-19T16:32:00,496641.346547833,6777265.33710746,67.708204837823
3,2008-06-19T16:47:00,496641.187490481,6777265.23228635,67.65918572704
3,2008-06-19T17:02:00,496641.058698766,6777265.13344045,67.5910746791437
3,2008-06-19T17:17:00,496640.895992975,6777265.02201333,67.503674271715
3,2008-06-19T17:32:00,496640.748777088,6777264.91663554,67.455045900398
3,2008-06-19T17:47:00,496640.610451073,6777264.81132554,67.3982333170206
3,2008-06-19T18:02:00,496640.450840374,6777264.69922173,67.3330676250243
3,2008-06-19T18:17:00,496640.328340552,6777264.59893398,67.3067329718008
3,2008-06-19T18:48:00,496640.071973494,6777264.38808298,67.2349922461908
3,2008-06-19T19:02:00,496639.949773622,6777264.28733099,67.2308036822695
3,2008-06-19T19:17:00,496639.799651695,6777264.17330114,67.2157578312459
3,2008-06-19T19:33:00,496639.703108118,6777264.07390879,67.2064337688889
3,2008-06-19T19:48:00,496639.529475972,6777263.95161081,67.2164307752092
3,2008-06-19T20:03:00,496639.46750894,6777263.86211208,67.2154341230795
3,2008-06-19T20:17:00,496639.350082692,6777263.75544422,67.2117292068325
3,2008-06-19T20:32:00,496639.246918386,6777263.6497163,67.2026834715672
3,2008-06-19T20:47:00,496639.119427693,6777263.53792596,67.2378195861481
3,2008-06-19T21:02:00,496639.03361782,6777263.44161519,67.3196712965965
3,2008-06-19T21:17:00,496638.916305291,6777263.32586515,67.2999364509782
3,2008-06-19T21:32:00,496638.822399653,6777263.21819672,67.3188655964429
3,2008-06-19T21:47:00,496638.710670657,6777263.11170536,67.3594353491878
3,2008-06-19T22:02:00,496638.626509103,6777263.01037351,67.3946606920236
3,2008-06-19T22:17:00,496638.510760567,6777262.8988408,67.4272089230119
3,2008-06-19T22:32:00,496638.425702868,6777262.80043847,67.4926564320619
3,2008-06-19T22:47:00,496638.305567291,6777262.68437536,67.4895880645431
3,2008-06-19T23:02:00,496638.247445815,6777262.59314968,67.5439713298649
3,2008-06-19T23:17:00,496638.126515898,6777262.4797055,67.5737332346661
3,2008-06-19T23:32:00,496638.025791635,6777262.37549002,67.6282702496298
3,2008-06-19T23:47:00,496637.914413662,6777262.26864648,67.6716131692556
3,2008-06-20T00:02:00,496637.811132949,6777262.16402258,67.7176581471425
3,2008-06-20T00:17:00,496637.702728215,6777262.05714424,67.7334093504986
3,2008-06-20T00:32:00,496637.602134731,6777261.95338274,67.7436479672124
3,2008-06-20T00:47:00,496637.519265587,6777261.85707687,67.7648026410767
3,2008-06-20T01:02:00,496637.410581187,6777261.75123276,67.7749063175111
3,2008-06-20T01:17:00,496637.272389504,6777261.63761426,67.7710851394118
3,2008-06-20T01:32:00,496637.187052908,6777261.54098944,67.7701343265234
3,2008-06-20T01:47:00,496637.039235772,6777261.43046395,67.8157134271046
3,2008-06-20T02:02:00,496636.927969589,6777261.32342244,67.7706675845723
3,2008-06-20T02:17:00,496636.794273486,6777261.21431063,67.7888083851169
3,2008-06-20T02:32:00,496636.706187648,6777261.11732036,67.7739076274468
3,2008-06-20T02:47:00,496636.570107952,6777261.00628425,67.7837722091165
3,2008-06-20T03:02:00,496636.462117111,6777260.89902506,67.7223220068599
3,2008-06-20T03:17:00,496636.351742587,6777260.798964,67.7347883549293
3,2008-06-20T03:32:00,496636.242790025,6777260.69449589,67.6730462918797
3,2008-06-20T03:47:00,496636.103102287,6777260.58614822,67.6717313860026
3,2008-06-20T04:02:00,496635.950290612,6777260.47345244,67.675889902221
3,2008-06-20T04:17:00,496635.82468265,6777260.36663661,67.6415838216509
3,2008-06-20T04:32:00,496635.698545698,6777260.26153057,67.6044761209589
3,2008-06-20T04:47:00,496635.577773236,6777260.15800942,67.5948961300711
3,2008-06-20T05:02:00,496635.439205559,6777260.04644877,67.560537268929
3,2008-06-20T05:17:00,496635.308073361,6777259.93915142,67.5234760122421
3,2008-06-20T05:32:00,496635.184864407,6777259.83426174,67.5139376720028
3,2008-06-20T05:47:00,496635.075657825,6777259.73139914,67.4852933576094
3,2008-06-20T06:02:00,496634.955638495,6777259.62546961,67.4841337155715
3,2008-06-20T06:17:00,496634.820617562,6777259.51226661,67.4638695337411
3,2008-06-20T06:32:00,496634.725328094,6777259.41114536,67.4492109911888
3,2008-06-20T06:47:00,496634.613593618,6777259.30692175,67.4646949993459
3,2008-06-20T07:02:00,496634.48697882,6777259.19505695,67.4555424034774
3,2008-06-20T07:17:00,496634.367096032,6777259.08897476,67.481993132795
3,2008-06-20T07:32:00,496634.287637452,6777258.99278102,67.4949432332453
3,2008-06-20T07:47:00,496634.148432101,6777258.87505852,67.5051639742701
3,2008-06-20T08:02:00,496634.05859807,6777258.77514811,67.5567476703742
3,2008-06-20T08:17:00,496633.94078614,6777258.66316838,67.5808326756779
3,2008-06-20T08:32:00,496633.854509698,6777258.5613942,67.6131483693708
3,2008-06-20T08:47:00,496633.73665949,6777258.44964472,67.6483252769621
3,2008-06-20T09:02:00,496633.648626776,6777258.34466219,67.6809036157749
3,2008-06-20T09:17:00,496633.565645332,6777258.24221265,67.7188764685118
3,2008-06-20T09:32:00,496633.472020424,6777258.13587152,67.7652092331206
3,2008-06-20T09:47:00,496633.368330257,6777258.02547357,67.8005753455425
3,2008-06-20T10:02:00,496633.27236081,6777257.91808206,67.8578290310681
3,2008-06-20T10:17:00,496633.16859555,6777257.8080257,67.8987158478513
3,2008-06-20T10:32:00,496633.087506438,6777257.70869466,67.9723108818478
3,2008-06-20T10:47:00,496632.978585792,6777257.59658844,67.9937676423247
3,2008-06-20T11:02:00,496632.866554121,6777257.48511378,68.0235460046658
3,2008-06-20T11:17:00,496632.780264999,6777257.38391226,68.0805680837582
3,2008-06-20T11:32:00,496632.66747176,6777257.27457769,68.1074049686979
3,2008-06-20T11:47:00,496632.562857533,6777257.16778936,68.1258150035901
3,2008-06-20T12:02:00,496632.478314352,6777257.07005237,68.1579400653154
3,2008-06-20T12:17:00,496632.349156393,6777256.95818035,68.1872645064415
3,2008-06-20T12:32:00,496632.238022583,6777256.85329102,68.1889459531659
3,2008-06-20T12:47:00,496632.121841693,6777256.74629771,68.1989852914764
3,2008-06-20T13:02:00,496632.016023153,6777256.64316195,68.1869810193391
3,2008-06-20T13:17:00,496631.883161633,6777256.53359409,68.1857311297545
3,2008-06-20T13:32:00,496631.789716834,6777256.43685376,68.1706988611062
3,2008-06-20T13:47:00,496631.659117407,6777256.33040031,68.1446119968555
3,2008-06-20T14:02:00,496631.527505919,6777256.22615216,68.1320413999059
3,2008-06-20T14:17:00,496631.397867583,6777256.1248849,68.1084168186385
3,2008-06-20T14:32:00,496631.277413866,6777256.02240596,68.0270864664562
3,2008-06-20T14:47:00,496631.121096268,6777255.91398151,68.0032698812072
3,2008-06-20T15:02:00,496630.989481938,6777255.81059287,67.9384236781839
3,2008-06-20T15:17:00,496630.8567192,6777255.7098201,67.8788391281696
3,2008-06-20T15:32:00,496630.698030112,6777255.60018114,67.8138368525774
3,2008-06-20T15:47:00,496630.552245878,6777255.49555458,67.7459135900549
3,2008-06-20T16:02:00,496630.41398226,6777255.39482585,67.7055445062721
3,2008-06-20T16:17:00,496630.294439417,6777255.29855899,67.6211975353179
3,2008-06-20T16:32:00,496630.119218,6777255.18634157,67.5532575057846
3,2008-06-20T16:47:00,496629.95979858,6777255.07921379,67.4632354678581
3,2008-06-20T17:02:00,496629.823740386,6777254.98056817,67.3925805025698
