marker,station,t_hat,theta_hat,K_theta,phi,K_phi,h
1,New Gilbert,20.837,391.3584,2,,,1670
1,New Quickie,20.837,150.6091,1,5.6554,1,1466
1,New Quickie,21.311,150.5693,0,5.6572,0,1466
1,New Quickie,21.432,150.5613,0,5.6589,0,1466
1,New Quickie,21.720,150.5360,0,5.6604,0,1466
1,New Quickie,21.874,150.5254,0,5.6611,0,1466
1,New Quickie,23.476,150.4031,0,5.6694,0,1466
1,New Quickie,23.681,150.3862,0,5.6702,0,1466
1,New Quickie,24.308,150.3374,0,5.6729,0,1466
1,New Quickie,24.410,150.3282,0,5.6737,0,1466
1,New Quickie,24.675,150.3060,0,5.6764,0,1466
1,New Quickie,24.776,150.2992,0,5.6764,0,1466
1,New Quickie,24.890,150.2900,0,5.6765,0,1466
1,New Quickie,25.264,150.2652,0,5.6789,0,1466
1,New Quickie,25.447,150.2497,0,5.6797,0,1466
1,New Quickie,25.609,150.2383,0,5.6828,0,1466
1,New Quickie,25.794,150.2253,0,5.6825,0,1466
1,New Quickie,25.907,150.2158,0,5.6828,0,1466
1,New Quickie,26.299,150.1857,0,5.6841,0,1466
1,New Quickie,26.451,150.1753,0,5.6855,0,1466
1,New Quickie,26.596,150.1646,0,5.6865,1,1466
1,New Quickie,26.767,150.1530,0,5.6898,0,1466
1,New Quickie,26.899,150.1426,0,5.6863,0,1466
1,New Quickie,27.302,150.1109,0,5.6895,0,1510
1,New Quickie,27.445,150.1020,0,5.6903,0,1510
1,New Quickie,27.651,150.0908,0,5.6934,0,1510
1,New Quickie,27.771,150.0820,2,5.6929,2,1510
1,New Quickie,27.887,150.0811,2,5.6921,2,1510
1,New Quickie,28.396,150.0320,0,5.6956,0,1553
1,New Quickie,28.480,150.0310,0,5.6976,0,1553
1,New Quickie,28.594,150.0215,0,5.6966,0,1553
1,New Quickie,28.742,150.0094,0,5.6982,0,1553
1,New Quickie,28.872,150.0244,1,5.6985,0,1553
1,New Quickie,29.326,149.9735,0,5.6996,0,1560
1,New Quickie,29.512,149.9534,0,5.7010,0,1560
1,New Quickie,29.634,149.9463,1,5.7016,0,1560
1,New Quickie,29.772,149.9409,0,5.7024,0,1560
1,New Quickie,29.877,149.9285,0,5.7028,0,1560
1,New Quickie,30.368,149.8892,0,5.7046,0,1560
1,New Quickie,30.528,149.8659,0,5.7066,0,1560
1,New Quickie,31.549,149.8068,0,5.7098,1,1560
1,New Quickie,33.481,149.5971,0,5.7166,0,1560
1,New Quickie,33.590,149.5869,0,5.7186,0,1560
1,New Quickie,33.681,149.5807,0,5.7170,0,1560
1,New Quickie,33.886,149.5578,0,5.7186,0,1560
1,New Quickie,34.351,149.5262,0,5.7224,0,1560
1,New Quickie,34.507,149.5124,0,5.7233,0,1560
1,New Quickie,34.627,149.5074,0,5.7248,0,1560
1,New Quickie,34.771,149.4960,0,5.7242,0,1560
1,New Quickie,34.876,149.4915,0,5.7251,0,1560
1,New Quickie,35.348,149.4684,0,5.7296,1,1560
1,New Quickie,35.483,149.4550,1,5.7290,1,1560
1,New Quickie,35.624,149.4468,1,5.7279,0,1560
1,New Quickie,36.715,149.3850,0,5.7344,0,1560
1,New Quickie,39.367,149.2102,0,5.7417,0,1560
1,New Quickie,39.474,149.2053,1,5.7416,0,1560
2,New Gilbert,20.833,389.1001,2,0.5111,2,1670
2,New Gilbert,25.644,389.0136,0,0.5228,0,1520
2,New Gilbert,26.365,389.0017,1,0.5180,0,1650
2,New Gilbert,27.365,388.9819,2,0.5186,0,1650
2,New Gilbert,28.372,388.9690,0,0.4759,0,1760
2,New Gilbert,30.353,388.9391,1,0.5311,0,1760
2,New Gilbert,33.402,388.8767,1,0.5334,0,1760
2,New Gilbert,33.574,388.8713,0,0.5339,0,1500
2,New Gilbert,34.589,388.8550,0,0.5354,0,1500
2,New Gilbert,36.689,388.8279,2,0.5388,1,1450
2,New Gilbert,38.863,388.7985,2,0.5387,2,1310
2,New Gilbert,39.481,388.7938,2,0.5459,2,1310
2,New Quickie,20.836,138.2713,1,6.2048,1,1466
2,New Quickie,21.308,138.2278,0,6.2080,0,1466
2,New Quickie,21.429,138.2176,0,6.2093,0,1466
2,New Quickie,21.717,138.1885,0,6.2121,0,1466
2,New Quickie,23.474,138.0305,0,6.2234,0,1466
2,New Quickie,23.683,138.0108,0,6.2248,0,1466
2,New Quickie,24.408,137.9466,0,6.2296,0,1466
2,New Quickie,24.774,137.9128,0,6.2321,0,1466
2,New Quickie,25.445,137.8548,0,6.2378,0,1466
2,New Quickie,25.791,137.8254,0,6.2399,0,1466
2,New Quickie,26.451,137.7679,0,6.2458,0,1466
2,New Quickie,26.766,137.7414,0,6.2475,0,1466
2,New Quickie,27.883,137.6389,2,6.2570,2,1510
2,New Quickie,28.477,137.5999,0,6.2608,0,1553
2,New Quickie,28.740,137.5756,0,6.2620,0,1553
2,New Quickie,29.510,137.5104,0,6.2657,0,1560
2,New Quickie,29.770,137.4946,1,6.2681,0,1560
2,New Quickie,30.526,137.4110,1,6.2744,0,1560
2,New Quickie,33.702,137.0809,0,6.2938,0,1560
2,New Quickie,34.365,137.0201,0,6.2990,0,1560
2,New Quickie,34.758,136.9888,0,6.3008,0,1560
2,New Quickie,35.359,136.9560,1,6.3045,0,1560
2,New Quickie,36.728,136.8627,1,6.3150,0,1560
2,New Quickie,39.381,136.6657,0,6.3289,0,1560
3,New Gilbert,20.826,387.4043,2,1.0084,2,1670
3,New Gilbert,24.644,387.3481,0,0.9315,0,1520
3,New Gilbert,25.649,387.3387,0,0.9379,0,1520
3,New Gilbert,25.878,387.3355,1,0.9350,0,1650
3,New Gilbert,26.369,387.3293,1,0.9380,0,1650
3,New Gilbert,27.367,387.2653,2,0.9407,0,1650
3,New Gilbert,28.362,387.3037,0,0.9497,0,1760
3,New Gilbert,29.440,387.2913,1,0.9568,1,1760
3,New Gilbert,30.358,387.2828,1,0.9600,0,1760
3,New Gilbert,33.401,387.2359,1,0.9751,0,1760
3,New Gilbert,33.644,387.2347,0,0.9778,0,1500
3,New Gilbert,34.592,387.2213,0,0.9837,0,1500
3,New Gilbert,36.693,387.2022,1,0.9921,1,1450
3,New Quickie,20.835,119.1972,1,8.5762,1,1466
3,New Quickie,21.306,119.1431,0,8.5860,0,1466
3,New Quickie,21.426,119.1300,0,8.5904,0,1466
3,New Quickie,21.715,119.0945,0,8.5973,1,1466
3,New Quickie,23.471,118.9002,0,8.6341,0,1466
3,New Quickie,23.685,118.8764,0,8.6394,0,1466
3,New Quickie,24.406,118.7976,0,8.6534,0,1466
3,New Quickie,24.771,118.7572,0,8.6619,0,1466
3,New Quickie,25.442,118.6868,0,8.6772,0,1466
3,New Quickie,25.788,118.6492,0,8.6837,0,1466
3,New Quickie,26.447,118.5797,0,8.6980,0,1466
3,New Quickie,26.765,118.5457,0,8.7026,0,1466
3,New Quickie,27.878,118.4234,2,8.7266,2,1510
3,New Quickie,28.474,118.3730,0,8.7403,0,1553
3,New Quickie,28.738,118.3434,1,8.7436,0,1553
3,New Quickie,29.508,118.2618,0,8.7588,0,1560
3,New Quickie,29.759,118.2407,0,8.7630,0,1560
3,New Quickie,30.505,118.1638,0,8.7773,0,1560
3,New Quickie,33.465,117.7742,0,8.8340,0,1560
3,New Quickie,33.708,117.7484,1,8.8435,0,1560
3,New Quickie,34.362,117.6764,0,8.8571,0,1560
3,New Quickie,34.756,117.6396,0,8.8672,0,1560
3,New Quickie,35.357,117.6002,1,8.8816,0,1560
3,New Quickie,36.725,117.4864,0,8.9046,1,1560
4,New Gilbert,20.806,385.8115,2,1.3526,2,1670
4,New Quickie,20.833,101.6321,1,10.3962,1,1466
4,New Quickie,21.303,101.5783,0,10.3965,0,1466
4,New Quickie,21.424,101.5644,0,10.3991,0,1466
4,New Quickie,21.712,101.5304,0,10.3985,0,1466
4,New Quickie,21.872,101.5124,0,10.3996,0,1466
4,New Quickie,23.469,101.3393,0,10.4053,0,1466
4,New Quickie,23.688,101.3145,0,10.4059,0,1466
4,New Quickie,24.306,101.2466,0,10.4077,0,1466
4,New Quickie,24.401,101.2350,0,10.4074,0,1466
4,New Quickie,24.673,101.2028,0,10.4089,0,1466
4,New Quickie,24.768,101.1946,0,10.4087,0,1466
4,New Quickie,24.887,101.1796,0,10.4093,0,1466
4,New Quickie,25.261,101.1432,0,10.4095,0,1466
4,New Quickie,25.435,101.1254,0,10.4113,0,1466
4,New Quickie,25.608,101.1046,0,10.4110,1,1466
4,New Quickie,25.776,101.0864,1,10.4129,0,1466
4,New Quickie,25.905,101.0734,0,10.4134,0,1466
4,New Quickie,26.292,101.0338,0,10.4135,0,1466
4,New Quickie,26.437,101.0165,0,10.4133,0,1466
4,New Quickie,26.593,100.9991,0,10.4163,0,1466
4,New Quickie,26.738,100.9846,1,10.4153,0,1466
4,New Quickie,26.751,100.9875,0,10.4152,0,1466
4,New Quickie,26.896,100.9682,0,10.4143,0,1466
4,New Quickie,27.293,100.9273,0,10.4178,0,1510
4,New Quickie,27.438,100.9132,0,10.4184,0,1510
4,New Quickie,27.641,100.8933,0,10.4185,0,1510
4,New Quickie,27.762,100.8904,2,10.4221,2,1510
4,New Quickie,27.867,100.8701,2,10.4191,2,1510
4,New Quickie,28.390,100.8167,0,10.4219,0,1553
4,New Quickie,28.462,100.8084,0,10.4237,0,1553
4,New Quickie,28.585,100.7974,0,10.4233,0,1553
4,New Quickie,28.732,100.7837,1,10.4241,1,1553
4,New Quickie,28.876,100.7933,0,10.4226,0,1553
4,New Quickie,29.319,100.7264,1,10.4253,0,1560
4,New Quickie,29.500,100.7028,0,10.4266,0,1560
4,New Quickie,29.628,100.6900,1,10.4265,0,1560
4,New Quickie,29.763,100.6797,1,10.4267,0,1560
4,New Quickie,29.871,100.6656,1,10.4275,0,1560
4,New Quickie,30.363,100.6100,0,10.4277,0,1560
4,New Quickie,30.521,100.5853,0,10.4274,0,1560
4,New Quickie,31.547,100.4934,1,10.4270,1,1560
4,New Quickie,33.471,100.1867,0,10.4208,0,1560
4,New Quickie,33.573,100.1680,0,10.4229,1,1560
4,New Quickie,33.668,100.1618,0,10.4231,0,1560
4,New Quickie,33.876,100.1306,0,10.4233,0,1560
4,New Quickie,34.344,100.0841,0,10.4242,1,1560
4,New Quickie,34.500,100.0689,0,10.4273,0,1560
4,New Quickie,34.619,100.0622,0,10.4265,0,1560
4,New Quickie,34.765,100.0490,0,10.4292,0,1560
4,New Quickie,34.871,100.0408,1,10.4288,0,1560
4,New Quickie,35.340,100.0049,1,10.4299,0,1560
4,New Quickie,35.476,99.9944,1,10.4307,0,1560
4,New Quickie,35.617,99.9819,0,10.4307,0,1560
4,New Quickie,36.707,99.9051,0,10.4359,0,1560
4,New Quickie,36.868,99.8869,0,10.4357,0,1560
4,New Quickie,39.358,99.6541,0,10.4450,1,1560
4,New Quickie,39.468,99.6462,0,10.4498,0,1560
5,New Gilbert,20.760,384.5623,2,1.4768,2,1670
5,New Gilbert,24.646,384.5239,0,1.4840,0,1520
5,New Gilbert,25.655,384.5212,0,1.4856,0,1520
5,New Gilbert,25.908,384.5155,1,1.4795,0,1650
5,New Gilbert,26.373,384.5140,1,1.4847,0,1650
5,New Gilbert,27.371,384.4993,2,1.4849,0,1650
5,New Gilbert,28.364,384.4923,0,1.4910,0,1760
5,New Gilbert,29.438,384.4836,1,1.4951,0,1760
5,New Gilbert,30.358,384.4784,1,1.4983,0,1760
5,New Gilbert,33.398,384.4405,1,1.5046,0,1760
5,New Gilbert,33.582,384.4376,1,1.5037,1,1500
5,New Gilbert,34.596,384.4311,0,1.5061,0,1500
5,New Quickie,20.831,86.3181,1,10.4410,1,1466
5,New Quickie,21.295,86.2614,0,10.4419,0,1466
5,New Quickie,21.419,86.2488,0,10.4434,0,1466
5,New Quickie,21.708,86.2127,0,10.4448,0,1466
5,New Quickie,23.465,86.0070,0,10.4495,0,1466
5,New Quickie,23.703,85.9780,0,10.4502,0,1466
5,New Quickie,24.399,85.8978,0,10.4529,0,1466
5,New Quickie,24.763,85.8550,0,10.4540,0,1466
5,New Quickie,25.401,85.7825,0,10.4575,0,1466
5,New Quickie,25.769,85.7414,0,10.4590,0,1466
5,New Quickie,26.435,85.6675,1,10.4608,0,1466
5,New Quickie,26.733,85.6344,0,10.4617,0,1466
5,New Quickie,27.865,85.5115,2,10.4653,2,1510
5,New Quickie,28.459,85.4478,0,10.4691,0,1553
5,New Quickie,28.726,85.4212,0,10.4688,0,1553
5,New Quickie,29.495,85.3374,0,10.4722,0,1560
5,New Quickie,29.757,85.3116,1,10.4717,0,1560
5,New Quickie,30.503,85.2295,0,10.4752,0,1560
5,New Quickie,33.463,84.8054,0,10.4777,0,1560
5,New Quickie,33.689,84.7773,0,10.4803,0,1560
5,New Quickie,34.360,84.6998,0,10.4795,0,1560
5,New Quickie,34.753,84.6632,0,10.4837,0,1560
5,New Quickie,35.354,84.6210,0,10.4815,1,1560
5,New Quickie,36.723,84.5186,1,10.4852,0,1560
5,New Quickie,39.374,84.2763,0,10.4913,0,1560
6,New Gilbert,20.750,382.2991,2,1.7760,2,1670
6,New Gilbert,24.649,382.2474,0,1.7880,0,1520
6,New Gilbert,25.660,382.2363,0,1.7917,0,1520
6,New Gilbert,25.910,382.2353,1,1.7860,0,1650
6,New Gilbert,26.374,382.2267,1,1.7918,0,1650
6,New Gilbert,27.374,382.1994,2,1.7914,0,1650
6,New Gilbert,28.365,382.1991,0,1.7949,0,1760
6,New Gilbert,29.436,382.1871,1,1.7988,0,1760
6,New Gilbert,30.360,382.1780,1,1.8013,0,1760
6,New Gilbert,33.396,382.1258,1,1.8031,0,1760
6,New Gilbert,33.584,382.1219,0,1.8046,0,1500
6,New Gilbert,34.599,382.1093,0,1.8085,0,1500
6,New Gilbert,36.735,382.0889,1,1.8153,0,1450
6,New Gilbert,38.872,382.0660,2,1.8169,1,1310
6,New Gilbert,39.483,382.0586,1,1.8204,1,1310
6,New Gilbert,41.372,382.0456,0,1.8277,0,1750
6,New Gilbert,43.447,382.0312,1,1.8361,0,1560
6,New Gilbert,44.385,382.0203,1,1.8379,0,1620
6,New Gilbert,45.356,382.0105,0,1.8369,0,1620
6,New Gilbert,46.350,382.0008,1,1.8397,0,1620
6,New Gilbert,47.381,381.9898,1,1.8425,0,1620
6,New Gilbert,48.341,381.9828,1,1.8423,0,1620
6,New Quickie,20.829,68.7559,1,9.9711,1,1466
6,New Quickie,21.293,68.7085,0,9.9711,0,1466
6,New Quickie,21.416,68.6976,0,9.9711,0,1466
6,New Quickie,21.706,68.6668,0,9.9699,0,1466
6,New Quickie,23.462,68.4951,0,9.9648,0,1466
6,New Quickie,23.701,68.4682,0,9.9643,0,1466
6,New Quickie,24.397,68.3999,0,9.9637,0,1466
6,New Quickie,24.760,68.3627,0,9.9633,0,1466
6,New Quickie,25.399,68.3032,0,9.9614,0,1466
6,New Quickie,25.764,68.2686,0,9.9591,0,1466
6,New Quickie,26.432,68.2070,1,9.9593,0,1466
6,New Quickie,26.731,68.1769,0,9.9585,0,1533
6,New Quickie,27.862,68.0751,2,9.9580,2,1510
6,New Quickie,28.456,68.0214,0,9.9564,0,1553
6,New Quickie,28.724,67.9990,0,9.9544,0,1553
6,New Quickie,29.493,67.9286,1,9.9546,0,1560
6,New Quickie,29.756,67.9081,1,9.9531,0,1560
6,New Quickie,30.501,67.8379,0,9.9498,0,1560
6,New Quickie,33.462,67.4915,0,9.9238,0,1560
6,New Quickie,33.689,67.4694,0,9.9231,0,1560
6,New Quickie,34.357,67.4035,0,9.9255,0,1560
6,New Quickie,34.751,67.3740,0,9.9285,0,1560
6,New Quickie,35.352,67.3359,0,9.9311,1,1560
6,New Quickie,36.720,67.2506,0,9.9332,0,1560
6,New Quickie,38.972,67.0519,0,9.9247,0,1560
7,New Gilbert,20.744,377.5678,2,2.0121,2,1670
7,New Gilbert,24.651,377.4666,0,2.0294,0,1520
7,New Gilbert,24.824,377.4641,1,,,1520
7,New Gilbert,25.310,377.4516,1,,,1520
7,New Gilbert,25.666,377.4451,0,2.0307,0,1520
7,New Gilbert,25.883,377.4394,1,2.0320,0,1650
7,New Gilbert,26.376,377.4265,1,2.0340,0,1650
7,New Gilbert,26.674,377.3724,0,,,1650
7,New Gilbert,26.858,377.4162,2,,,1650
7,New Gilbert,27.378,377.4023,2,2.0388,0,1650
7,New Gilbert,27.514,377.3997,0,,,1650
7,New Gilbert,27.645,377.3993,0,,,1650
7,New Gilbert,27.787,377.3923,1,,,1760
7,New Gilbert,27.894,377.3905,0,,,1760
7,New Gilbert,28.376,377.3792,0,1.9952,0,1760
7,New Gilbert,29.435,377.3542,1,2.0506,0,1760
7,New Gilbert,30.361,377.3347,1,2.0532,0,1760
7,New Gilbert,33.394,377.2434,1,2.0635,0,1760
7,New Gilbert,33.586,377.2349,0,2.0624,0,1500
7,New Gilbert,34.601,377.2117,0,2.0699,0,1500
7,New Gilbert,36.736,377.1725,1,2.0780,0,1450
7,New Gilbert,38.874,377.1283,2,2.0844,1,1310
7,New Gilbert,39.484,377.1151,1,2.0895,2,1310
7,New Quickie,20.828,51.6620,1,7.9851,1,1466
7,New Quickie,21.413,51.6212,0,7.9839,0,1466
7,New Quickie,21.703,51.5984,0,7.9829,0,1466
7,New Quickie,21.869,51.5864,0,7.9820,0,1466
7,New Quickie,23.460,51.4758,0,7.9773,0,1466
7,New Quickie,23.693,51.4594,0,7.9769,0,1466
7,New Quickie,24.303,51.4172,0,7.9752,0,1466
7,New Quickie,24.395,51.4105,0,7.9744,0,1466
7,New Quickie,24.670,51.3889,0,7.9742,0,1466
7,New Quickie,24.757,51.3828,0,7.9736,0,1466
7,New Quickie,24.885,51.3741,0,7.9733,0,1466
7,New Quickie,25.258,51.3516,0,7.9716,0,1466
7,New Quickie,25.396,51.3408,0,7.9725,0,1466
7,New Quickie,25.605,51.3266,0,7.9725,0,1466
7,New Quickie,25.761,51.3157,0,7.9732,0,1466
7,New Quickie,25.902,51.3069,0,7.9709,0,1466
7,New Quickie,26.290,51.2808,0,7.9695,0,1466
7,New Quickie,26.430,51.2721,0,7.9693,0,1466
7,New Quickie,26.591,51.2580,0,7.9675,0,1466
7,New Quickie,26.729,51.2509,0,7.9694,0,1466
7,New Quickie,26.894,51.2422,0,7.9686,0,1466
7,New Quickie,27.291,51.2137,0,7.9673,0,1510
7,New Quickie,27.435,51.2042,0,7.9677,0,1510
7,New Quickie,27.637,51.1904,0,7.9680,0,1510
7,New Quickie,27.760,51.1858,2,7.9679,2,1510
7,New Quickie,27.859,51.1773,2,7.9673,2,1510
7,New Quickie,28.388,51.1439,0,7.9656,0,1553
7,New Quickie,28.453,51.1405,0,7.9643,0,1553
7,New Quickie,28.583,51.1324,0,7.9650,0,1553
7,New Quickie,28.721,51.1231,0,7.9658,0,1553
7,New Quickie,28.880,51.1285,0,7.9674,0,1553
7,New Quickie,29.317,51.0872,1,7.9635,0,1560
7,New Quickie,29.481,51.0753,0,7.9637,0,1560
7,New Quickie,29.626,51.0663,1,7.9644,0,1560
7,New Quickie,29.753,51.0583,1,7.9644,0,1560
7,New Quickie,29.869,51.0504,1,7.9612,0,1560
7,New Quickie,30.361,51.0145,0,7.9613,0,1560
7,New Quickie,30.498,51.0083,0,7.9619,0,1560
7,New Quickie,31.544,50.9372,0,7.9561,0,1560
7,New Quickie,33.459,50.7540,0,7.9411,0,1560
7,New Quickie,33.555,50.7445,0,7.9405,0,1560
7,New Quickie,33.665,50.7385,0,7.9379,0,1560
7,New Quickie,33.872,50.7194,1,7.9415,0,1560
7,New Quickie,34.342,50.6922,0,7.9388,0,1560
7,New Quickie,34.497,50.6825,0,7.9391,1,1560
7,New Quickie,34.618,50.6771,0,7.9402,0,1560
7,New Quickie,34.762,50.6697,0,7.9394,0,1560
7,New Quickie,34.868,50.6635,0,7.9374,0,1560
7,New Quickie,35.338,50.6471,0,7.9333,0,1560
7,New Quickie,35.473,50.6402,0,7.9387,1,1560
7,New Quickie,35.614,50.6280,0,7.9392,0,1560
7,New Quickie,36.705,50.5844,1,7.9436,0,1560
7,New Quickie,36.865,50.5746,0,7.9415,0,1560
7,New Quickie,39.356,50.4420,0,7.9397,0,1560
7,New Quickie,39.466,50.4364,0,7.9399,0,1560
8,New Gilbert,24.681,371.1931,0,2.6665,0,1520
8,New Gilbert,24.825,371.1880,1,,,1520
8,New Gilbert,25.312,371.1678,1,,,1520
8,New Gilbert,25.671,371.1508,0,2.6720,0,1520
8,New Gilbert,25.884,371.1436,1,2.6672,0,1650
8,New Gilbert,26.378,371.1207,1,2.6738,0,1650
8,New Gilbert,26.636,371.1121,0,,,1650
8,New Gilbert,26.860,371.1017,2,,,1650
8,New Gilbert,27.380,371.0774,2,2.6770,0,1650
8,New Gilbert,27.515,371.0710,0,,,1650
8,New Gilbert,27.649,371.0692,0,,,1650
8,New Gilbert,27.788,371.0606,1,,,1760
8,New Gilbert,27.894,371.0561,0,,,1760
8,New Gilbert,28.367,371.0361,0,2.6830,0,1760
8,New Gilbert,28.510,371.0293,0,,,1760
8,New Gilbert,28.634,371.0273,0,,,1760
8,New Gilbert,28.757,371.0231,0,,,1760
8,New Gilbert,28.876,371.0122,0,,,1760
8,New Gilbert,29.433,370.9930,1,2.6892,0,1760
8,New Gilbert,29.503,370.9902,0,,,1760
8,New Gilbert,29.629,370.9848,0,,,1760
8,New Gilbert,29.757,370.9784,0,,,1760
8,New Gilbert,29.883,370.9737,0,,,1760
8,New Gilbert,30.363,370.9558,1,2.6928,0,1760
8,New Gilbert,30.588,370.9456,2,,,1760
8,New Gilbert,30.625,370.9448,0,,,1760
8,New Gilbert,30.750,370.9393,0,,,1760
8,New Gilbert,31.493,370.9081,1,2.6973,0,1760
8,New Gilbert,33.387,370.7935,1,2.7077,0,1760
8,New Gilbert,33.589,370.7804,0,2.7074,0,1500
8,New Gilbert,33.711,370.7760,0,,,1500
8,New Gilbert,33.834,370.7694,0,,,1500
8,New Gilbert,34.335,370.7425,1,,,1500
8,New Gilbert,34.463,370.7416,0,,,1500
8,New Gilbert,34.603,370.7367,0,2.7135,1,1500
8,New Gilbert,34.715,370.7316,0,,,1500
8,New Gilbert,34.835,370.7254,0,,,1450
8,New Gilbert,35.343,370.7087,0,,,1450
8,New Gilbert,36.644,370.6666,1,,,1450
8,New Gilbert,36.794,370.6608,0,2.7258,0,1450
8,New Gilbert,38.835,370.5868,0,2.7290,0,1310
8,New Gilbert,39.335,370.5667,0,,,1310
8,New Gilbert,39.485,370.5596,1,2.7333,1,1310
8,New Gilbert,39.598,370.5605,0,,,1310
8,New Gilbert,39.718,370.5549,0,,,1310
8,New Gilbert,40.340,370.5329,0,,,1310
8,New Gilbert,40.696,370.5234,0,,,1750
8,New Gilbert,40.833,370.5198,1,,,1750
8,New Gilbert,41.376,370.5012,0,2.7468,0,1750
8,New Gilbert,41.556,370.4947,0,,,1750
8,New Gilbert,41.683,370.4925,1,,,1750
8,New Gilbert,41.803,370.4871,0,,,1750
8,New Gilbert,42.511,370.4658,0,,,1750
8,New Gilbert,42.799,370.4519,3,,,1750
8,New Gilbert,43.448,370.4397,1,2.7604,0,1560
8,New Gilbert,43.556,370.4284,1,,,1560
8,New Gilbert,43.701,370.4237,1,,,1620
8,New Gilbert,43.799,370.4186,1,,,1620
8,New Gilbert,44.387,370.4022,1,2.7619,0,1620
8,New Gilbert,44.474,370.3950,1,,,1620
8,New Gilbert,44.600,370.3913,1,,,1620
8,New Gilbert,44.721,370.3880,0,,,1620
8,New Gilbert,44.833,370.3838,0,,,1620
8,New Gilbert,45.357,370.3653,0,2.7652,3,1620
8,New Gilbert,45.467,370.3608,3,,,1620
8,New Gilbert,45.588,370.3560,1,,,1620
8,New Gilbert,45.715,370.3540,0,,,1620
8,New Gilbert,45.835,370.3471,1,,,1620
8,New Gilbert,46.351,370.3296,1,2.7688,0,1620
8,New Gilbert,46.469,370.3242,0,,,1620
8,New Gilbert,46.582,370.3208,0,,,1620
8,New Gilbert,46.714,370.3155,1,,,1620
8,New Gilbert,46.827,370.3103,1,,,1620
8,New Gilbert,47.381,370.2916,1,2.7752,0,1620
8,New Gilbert,47.462,370.2872,1,,,1620
8,New Gilbert,47.583,370.2820,1,,,1620
8,New Gilbert,47.708,370.2814,1,,,1620
8,New Gilbert,47.832,370.2744,1,,,1620
8,New Gilbert,48.350,370.2616,1,2.7782,0,1620
8,New Quickie,24.644,41.0032,0,6.8885,1,1466
8,New Quickie,25.672,40.9632,1,6.8842,0,1466
8,New Quickie,26.537,40.9269,0,6.8820,0,1466
8,New Quickie,27.526,40.8890,0,6.8786,0,1510
8,New Quickie,28.377,40.8550,2,6.8728,2,1553
8,New Quickie,29.529,40.8150,0,6.8707,0,1560
8,New Quickie,30.378,40.7797,0,6.8661,0,1560
8,New Quickie,33.772,40.6222,1,6.8477,0,1560
8,New Quickie,34.488,40.5917,0,6.8442,0,1560
8,New Quickie,39.491,40.4396,0,6.8322,0,1560
9,New Gilbert,24.684,365.4966,0,3.0944,0,1520
9,New Gilbert,24.829,365.4882,1,,,1520
9,New Gilbert,25.315,365.4591,1,,,1520
9,New Gilbert,25.672,365.4326,0,3.0975,0,1520
9,New Gilbert,25.885,365.4269,1,3.1001,0,1650
9,New Gilbert,26.381,365.3907,1,3.1015,0,1650
9,New Gilbert,26.679,365.3783,0,,,1650
9,New Gilbert,26.694,365.3666,1,,,1650
9,New Gilbert,27.382,365.3294,2,3.1082,0,1650
9,New Gilbert,27.517,365.3200,0,,,1650
9,New Gilbert,27.651,365.3175,0,,,1650
9,New Gilbert,27.790,365.3064,1,,,1760
9,New Gilbert,27.896,365.2984,0,,,1760
9,New Gilbert,28.369,365.2686,0,3.1103,0,1760
9,New Gilbert,28.515,365.2615,0,,,1760
9,New Gilbert,28.640,365.2561,0,,,1760
9,New Gilbert,28.758,365.2479,0,,,1760
9,New Gilbert,28.878,365.2418,0,,,1760
9,New Gilbert,29.457,365.2074,1,3.1156,0,1760
9,New Gilbert,29.506,365.2032,0,,,1760
9,New Gilbert,29.630,365.1979,0,,,1760
9,New Gilbert,29.759,365.1882,0,,,1760
9,New Gilbert,29.884,365.1810,0,,,1760
9,New Gilbert,30.365,365.1543,1,,,1760
9,New Gilbert,30.589,365.1400,2,,,1760
9,New Gilbert,30.628,365.1392,0,,,1760
9,New Gilbert,30.751,365.1304,0,,,1760
9,New Gilbert,31.494,365.0852,1,3.1243,0,1760
9,New Gilbert,33.389,364.9225,1,3.1309,0,1760
9,New Gilbert,33.591,364.9069,0,3.1311,0,1500
9,New Gilbert,33.713,364.8996,0,,,1500
9,New Gilbert,33.835,364.8863,1,,,1500
9,New Gilbert,34.337,364.8539,1,,,1500
9,New Gilbert,34.465,364.8506,0,,,1500
9,New Gilbert,34.605,364.8440,0,3.1366,0,1500
9,New Gilbert,34.716,364.8356,0,,,1500
9,New Gilbert,34.836,364.8274,0,,,1450
9,New Gilbert,35.344,364.8022,0,,,1450
9,New Gilbert,35.462,364.7953,2,,,1450
9,New Gilbert,36.645,364.7405,1,,,1450
9,New Gilbert,36.796,364.7330,0,3.1451,0,1450
9,New Gilbert,38.837,364.6195,0,3.1509,0,1310
9,New Gilbert,39.336,364.5899,0,,,1310
9,New Gilbert,39.486,364.5833,1,3.1568,1,1310
9,New Gilbert,39.599,364.5808,0,,,1310
9,New Gilbert,39.719,364.5733,0,,,1310
9,New Gilbert,40.342,364.5387,1,,,1310
9,New Gilbert,40.702,364.5220,0,,,1750
9,New Gilbert,40.834,364.5196,1,,,1750
9,New Gilbert,41.378,364.4918,0,3.1685,0,1750
9,New Gilbert,41.556,364.4818,0,,,1750
9,New Gilbert,41.684,364.4776,1,,,1750
9,New Gilbert,41.804,364.4712,0,,,1750
9,New Gilbert,42.515,364.4379,0,,,1750
9,New Gilbert,42.802,364.4192,3,,,1750
9,New Gilbert,43.451,364.3920,1,3.1839,0,1560
9,New Gilbert,43.557,364.3847,1,,,1560
9,New Gilbert,43.703,364.3796,1,,,1620
9,New Gilbert,43.800,364.3718,1,,,1620
9,New Gilbert,44.390,364.3433,1,3.1879,0,1620
9,New Gilbert,44.474,364.3357,1,,,1620
9,New Gilbert,44.601,364.3296,1,,,1620
9,New Gilbert,44.724,364.3240,0,,,1620
9,New Gilbert,44.834,364.3179,0,,,1620
9,New Gilbert,45.358,364.2917,0,3.1906,0,1620
9,New Gilbert,45.468,364.2833,1,,,1620
9,New Gilbert,45.589,364.2778,1,,,1620
9,New Gilbert,45.717,364.2713,0,,,1620
9,New Gilbert,45.836,364.2652,1,,,1620
9,New Gilbert,46.353,364.2360,1,3.1938,0,1620
9,New Gilbert,46.469,364.2280,0,,,1620
9,New Gilbert,46.583,364.2229,0,,,1620
9,New Gilbert,46.715,364.2168,1,,,1620
9,New Gilbert,46.828,364.2085,1,,,1620
9,New Gilbert,47.384,364.1823,1,3.2011,0,1620
9,New Gilbert,47.464,364.1741,2,,,1620
9,New Gilbert,47.583,364.1723,1,,,1620
9,New Gilbert,47.708,364.1651,1,,,1620
9,New Gilbert,47.833,364.1565,0,,,1620
9,New Gilbert,48.351,364.1368,1,3.2042,0,1620
9,New Quickie,24.649,36.5108,0,6.1959,1,1466
9,New Quickie,25.669,36.4895,1,6.1931,1,1466
9,New Quickie,26.535,36.4692,0,6.1878,0,1466
9,New Quickie,27.524,36.4485,0,6.1835,0,1510
9,New Quickie,28.374,36.4315,2,6.1820,2,1553
9,New Quickie,29.531,36.4072,0,6.1757,0,1560
9,New Quickie,30.380,36.3858,0,6.1715,0,1560
9,New Quickie,33.767,36.2986,0,6.1499,0,1560
9,New Quickie,34.485,36.2814,0,6.1467,0,1560
9,New Quickie,39.488,36.1943,0,6.1317,1,1560
10,New Gilbert,24.685,355.3597,1,3.5160,1,1520
10,New Gilbert,24.831,355.3443,1,,,1520
10,New Gilbert,25.313,355.2994,1,,,1520
10,New Gilbert,25.674,355.2642,0,3.5240,0,1520
10,New Gilbert,25.888,355.2424,1,3.5247,0,1650
10,New Gilbert,26.383,355.1933,1,3.5338,0,1650
10,New Gilbert,26.680,355.1666,0,,,1650
10,New Gilbert,26.863,355.1398,2,,,1650
10,New Gilbert,27.383,355.0952,2,3.5423,0,1650
10,New Gilbert,27.518,355.0837,0,,,1650
10,New Gilbert,27.653,355.0745,0,,,1650
10,New Gilbert,27.790,355.0618,1,,,1760
10,New Gilbert,27.901,355.0492,0,,,1760
10,New Gilbert,28.372,355.0055,0,3.5517,0,1760
10,New Gilbert,28.517,354.9920,0,,,1760
10,New Gilbert,28.637,354.9828,0,,,1760
10,New Gilbert,28.759,354.9712,0,,,1760
10,New Gilbert,28.879,354.9603,0,,,1760
10,New Gilbert,29.414,354.9096,1,3.5622,0,1760
10,New Gilbert,29.506,354.9025,0,,,1760
10,New Gilbert,29.633,354.8910,0,,,1760
10,New Gilbert,29.760,354.8780,0,,,1760
10,New Gilbert,29.885,354.8660,0,,,1760
10,New Gilbert,30.366,354.8215,1,,,1760
10,New Gilbert,30.590,354.8009,2,,,1760
10,New Gilbert,30.629,354.7993,0,,,1760
10,New Gilbert,30.751,354.7873,0,,,1760
10,New Gilbert,31.485,354.7163,1,3.5795,0,1760
10,New Gilbert,33.386,354.4727,1,3.5976,0,1760
10,New Gilbert,33.647,354.4412,0,3.5996,0,1500
10,New Gilbert,33.716,354.4341,0,,,1500
10,New Gilbert,33.836,354.4207,0,,,1500
10,New Gilbert,34.338,354.3654,1,,,1500
10,New Gilbert,34.461,354.3571,0,,,1500
10,New Gilbert,34.608,354.3450,0,3.6098,0,1500
10,New Gilbert,34.717,354.3338,0,,,1500
10,New Gilbert,34.837,354.3207,0,,,1450
10,New Gilbert,35.346,354.2807,0,,,1450
10,New Gilbert,36.646,354.1795,1,,,1450
10,New Gilbert,36.797,354.1663,0,3.6265,0,1450
10,New Gilbert,38.840,353.9851,0,3.6423,0,1310
10,New Gilbert,39.337,353.9389,0,,,1310
10,New Gilbert,39.488,353.9277,2,3.6493,2,1310
10,New Gilbert,39.600,353.9165,0,,,1310
10,New Gilbert,39.721,353.9055,0,,,1310
10,New Gilbert,40.344,353.8384,1,,,1310
10,New Gilbert,40.702,353.7675,0,,,1750
10,New Gilbert,40.835,353.8052,1,,,1750
10,New Gilbert,41.379,353.7596,0,3.6799,0,1750
10,New Gilbert,41.557,353.7425,0,,,1750
10,New Gilbert,41.685,353.7360,1,,,1750
10,New Gilbert,41.805,353.7259,0,,,1750
10,New Gilbert,42.515,353.6707,0,,,1750
10,New Gilbert,42.806,353.6388,3,,,1750
10,New Gilbert,43.453,353.5953,1,3.7010,0,1560
10,New Gilbert,43.558,353.5895,1,,,1560
10,New Gilbert,43.706,353.5738,1,,,1620
10,New Gilbert,43.801,353.5678,1,,,1620
10,New Gilbert,44.392,353.5189,1,3.7095,0,1620
10,New Gilbert,44.475,353.5094,1,,,1620
10,New Gilbert,44.603,353.5013,1,,,1620
10,New Gilbert,44.724,353.4925,0,,,1620
10,New Gilbert,44.835,353.4819,0,,,1620
10,New Gilbert,45.360,353.4384,0,3.7168,0,1620
10,New Gilbert,45.469,353.4259,1,,,1620
10,New Gilbert,45.590,353.4181,1,,,1620
10,New Gilbert,45.717,353.4078,0,,,1620
10,New Gilbert,45.837,353.3964,1,,,1620
10,New Gilbert,46.354,353.3492,1,3.7242,0,1620
10,New Gilbert,46.471,353.3370,0,,,1620
10,New Gilbert,46.585,353.3287,0,,,1620
10,New Gilbert,46.718,353.3192,1,,,1620
10,New Gilbert,46.829,353.3086,1,,,1620
10,New Gilbert,47.385,353.2615,1,3.7346,0,1620
10,New Gilbert,47.465,353.2521,1,,,1620
10,New Gilbert,47.585,353.2445,1,,,1620
10,New Gilbert,47.710,353.2349,1,,,1620
10,New Gilbert,47.833,353.2208,0,,,1620
10,New Gilbert,48.353,353.1900,1,3.7424,0,1620
10,New Quickie,24.655,34.4912,0,5.4167,1,1466
10,New Quickie,25.666,34.4834,1,5.4176,0,1466
10,New Quickie,26.533,34.4738,0,5.4175,0,1466
10,New Quickie,27.522,34.4640,0,5.4169,0,1510
10,New Quickie,28.370,34.4646,2,5.4155,2,1553
10,New Quickie,29.536,34.4457,0,5.4150,0,1560
10,New Quickie,30.381,34.4358,0,5.4151,0,1560
10,New Quickie,33.764,34.3962,0,5.4116,0,1560
10,New Quickie,34.483,34.3879,0,5.4074,0,1560
10,New Quickie,39.485,34.3520,0,5.4139,0,1560
11,New Gilbert,24.688,345.2078,0,4.0817,0,1520
11,New Gilbert,24.833,345.1897,1,,,1520
11,New Gilbert,25.317,345.1335,1,,,1520
11,New Gilbert,25.676,345.0916,0,4.0872,0,1520
11,New Gilbert,25.890,345.0685,1,4.0882,0,1650
11,New Gilbert,26.385,345.0067,1,4.0927,0,1650
11,New Gilbert,26.688,344.9716,0,,,1650
11,New Gilbert,26.865,344.9446,2,,,1650
11,New Gilbert,27.385,344.8892,2,4.0979,0,1650
11,New Gilbert,27.519,344.8722,0,,,1650
11,New Gilbert,27.654,344.8596,0,,,1650
11,New Gilbert,27.792,344.8430,1,,,1760
11,New Gilbert,27.898,344.8311,0,,,1760
11,New Gilbert,28.373,344.7749,0,4.1065,0,1760
11,New Gilbert,29.406,344.6554,1,4.1121,0,1760
11,New Gilbert,30.367,344.5522,1,4.1186,0,1760
11,New Gilbert,31.499,344.4205,1,4.1253,0,1760
11,New Gilbert,33.385,344.1356,1,4.1360,0,1760
11,New Gilbert,33.596,344.1015,1,4.1335,0,1500
11,New Gilbert,34.610,343.9784,0,4.1402,0,1500
11,New Gilbert,36.707,343.7655,2,4.1504,1,1450
11,New Gilbert,38.876,343.5236,2,4.1619,1,1310
11,New Gilbert,39.488,343.4547,2,4.1671,1,1310
11,New Gilbert,41.383,343.2611,1,4.1846,0,1750
11,New Gilbert,43.456,343.0473,1,4.1981,0,1560
11,New Gilbert,44.393,342.9548,0,4.2045,0,1620
11,New Gilbert,45.364,342.8508,0,4.2093,1,1620
11,New Gilbert,46.354,342.7398,1,4.2140,0,1620
11,New Gilbert,47.386,342.6256,2,4.2204,0,1620
11,New Gilbert,48.354,342.5245,1,4.2249,0,1620
11,New Quickie,24.658,33.1292,0,5.0655,1,1466
11,New Quickie,25.663,33.1252,1,5.0644,0,1466
11,New Quickie,26.532,33.1212,0,5.0592,0,1466
11,New Quickie,27.520,33.1113,1,5.0537,0,1510
11,New Quickie,28.367,33.1198,2,5.0514,2,1553
11,New Quickie,29.544,33.1134,1,5.0484,0,1560
11,New Quickie,30.387,33.1035,0,5.0466,0,1560
11,New Quickie,33.753,33.0872,1,5.0354,1,1560
11,New Quickie,34.481,33.0798,0,5.0330,1,1560
12,New Gilbert,24.690,341.0571,0,4.3142,0,1520
12,New Gilbert,24.834,341.0367,1,,,1520
12,New Gilbert,25.318,340.9742,1,,,1520
12,New Gilbert,25.678,340.9267,0,4.3216,0,1520
12,New Gilbert,25.891,340.8979,1,4.3268,0,1650
12,New Gilbert,26.387,340.8314,1,4.3311,0,1650
12,New Gilbert,26.690,340.7937,0,,,1650
12,New Gilbert,26.871,340.7629,2,,,1650
12,New Quickie,24.660,31.8110,0,4.9099,1,1466
12,New Quickie,25.660,31.8088,1,4.9075,0,1466
12,New Quickie,26.531,31.8043,0,4.9114,0,1466
12,New Quickie,27.506,31.8037,1,4.9034,0,1510
12,New Quickie,28.353,31.8030,2,4.9012,2,1553
12,New Quickie,29.547,31.8063,0,4.9000,0,1560
12,New Quickie,30.388,31.7904,0,4.8986,0,1560
12,New Quickie,34.475,31.7684,0,4.8863,1,1560
13,New Gilbert,25.440,391.8712,1,1.3877,1,1520
13,New Gilbert,25.905,391.8714,1,1.3838,0,1650
13,New Gilbert,26.408,391.8684,1,1.3868,0,1650
13,New Gilbert,27.403,391.8651,2,1.3859,0,1650
13,New Gilbert,28.383,391.8587,0,1.3888,0,1760
13,New Gilbert,29.479,391.8547,0,1.3888,0,1760
13,New Gilbert,30.379,391.8522,1,1.3907,0,1760
13,New Gilbert,33.408,391.8334,1,1.3899,0,1760
13,New Gilbert,33.649,391.8319,0,1.3924,0,1500
13,New Gilbert,34.628,391.8287,0,1.3931,0,1500
13,New Gilbert,36.697,391.8224,1,1.3928,0,1450
13,New Gilbert,39.488,391.8082,2,1.3928,1,1310
13,New Gilbert,41.397,391.8055,0,1.3982,0,1750
13,New Gilbert,43.454,391.8028,1,1.3968,1,1560
13,New Gilbert,44.406,391.7963,1,1.4008,0,1620
13,New Gilbert,45.374,391.7939,0,1.4007,0,1620
13,New Gilbert,46.363,391.7894,1,1.4000,0,1620
13,New Gilbert,47.397,391.7876,1,1.4040,0,1620
13,New Gilbert,48.353,391.7840,1,1.4015,0,1620
13,New Quickie,25.432,102.0918,0,15.8804,0,1466
13,New Quickie,25.774,102.0593,1,15.8814,1,1466
13,New Quickie,25.910,102.0484,0,15.8826,0,1466
13,New Quickie,26.294,102.0127,0,15.8817,0,1466
13,New Quickie,26.442,101.9997,0,15.8855,0,1466
13,New Quickie,26.608,101.9844,0,15.8839,0,1466
13,New Quickie,26.740,101.9704,1,15.8850,0,1466
13,New Quickie,26.753,101.9762,0,15.8852,0,1466
13,New Quickie,26.902,101.9572,0,15.8849,0,1466
13,New Quickie,27.299,101.9203,0,15.8884,0,1510
13,New Quickie,27.440,101.9077,0,15.8886,0,1510
13,New Quickie,27.649,101.8914,0,15.8898,0,1510
13,New Quickie,27.766,101.8887,2,15.8897,2,1510
13,New Quickie,27.874,101.8666,2,15.8896,2,1510
13,New Quickie,28.392,101.8217,0,15.8921,0,1553
13,New Quickie,28.469,101.8234,0,15.8917,0,1553
13,New Quickie,28.587,101.8049,0,15.8920,0,1553
13,New Quickie,28.733,101.7928,0,15.8906,0,1553
13,New Quickie,28.875,101.8049,0,15.8929,0,1553
13,New Quickie,29.321,101.7445,1,15.8942,0,1560
13,New Quickie,29.501,101.7196,0,15.8940,0,1560
13,New Quickie,29.629,101.7085,1,15.8955,0,1560
13,New Quickie,29.765,101.7004,1,15.8947,0,1560
13,New Quickie,29.872,101.6880,1,15.8963,0,1560
13,New Quickie,30.363,101.6370,0,15.8949,0,1560
13,New Quickie,30.520,101.6191,1,15.8966,0,1560
13,New Quickie,31.547,101.5339,2,15.8975,0,1560
13,New Quickie,33.471,101.2259,0,15.8973,0,1560
13,New Quickie,33.583,101.2121,0,15.9022,1,1560
13,New Quickie,33.672,101.2087,0,15.8991,0,1560
13,New Quickie,33.878,101.1773,0,15.9025,0,1560
13,New Quickie,34.346,101.1390,0,15.9006,0,1560
13,New Quickie,34.503,101.1256,0,15.9021,0,1560
13,New Quickie,34.622,101.1202,0,15.9044,0,1560
13,New Quickie,34.767,101.1082,0,15.9028,0,1560
13,New Quickie,34.873,101.1025,0,15.9053,0,1560
13,New Quickie,35.342,101.0751,1,15.9093,1,1560
13,New Quickie,35.479,101.0702,1,15.9065,0,1560
13,New Quickie,35.619,101.0582,0,15.9069,0,1560
13,New Quickie,36.709,100.9980,0,15.9080,0,1560
13,New Quickie,36.871,100.9817,0,15.9090,0,1560
13,New Quickie,39.360,100.7874,0,15.9116,0,1560
13,New Quickie,39.470,100.7849,0,15.9120,0,1560
14,New Gilbert,25.438,381.2745,1,1.0136,1,1520
14,New Gilbert,26.415,381.2629,0,1.0166,0,1650
14,New Gilbert,27.405,381.2562,2,1.0139,0,1650
14,New Gilbert,28.384,381.2442,0,1.0325,0,1760
14,New Gilbert,29.480,381.2339,0,1.0215,0,1760
14,New Gilbert,30.378,381.2264,1,1.0232,0,1760
14,New Quickie,25.438,102.1683,0,7.2097,0,1466
14,New Quickie,25.781,102.1338,1,7.2076,1,1466
14,New Quickie,25.913,102.1240,0,7.2140,0,1466
14,New Quickie,26.297,102.0896,0,7.2162,0,1466
14,New Quickie,26.444,102.0762,0,7.2156,0,1466
14,New Quickie,26.613,102.0611,0,7.2166,1,1466
14,New Quickie,26.743,102.0454,1,7.2168,0,1466
14,New Quickie,26.757,102.0477,0,7.2174,0,1466
14,New Quickie,26.904,102.0326,0,7.2166,0,1466
14,New Quickie,27.301,101.9973,0,7.2216,0,1510
14,New Quickie,27.442,101.9856,0,7.2223,0,1510
14,New Quickie,27.644,101.9692,0,7.2245,0,1510
14,New Quickie,27.769,101.9698,2,7.2246,2,1510
14,New Quickie,27.872,101.9455,2,7.2234,2,1510
14,New Quickie,28.394,101.9009,0,7.2280,0,1553
14,New Quickie,28.469,101.8998,0,7.2293,0,1553
14,New Quickie,28.588,101.8856,0,7.2299,0,1553
14,New Quickie,28.733,101.8755,0,7.2291,0,1553
14,New Quickie,28.874,101.8874,0,7.2319,0,1553
14,New Quickie,29.322,101.8258,1,7.2330,0,1560
14,New Quickie,29.502,101.8044,0,7.2356,0,1560
14,New Quickie,29.628,101.7928,1,7.2360,0,1560
14,New Quickie,29.766,101.7856,1,7.2361,1,1560
14,New Quickie,29.874,101.7721,1,7.2365,0,1560
14,New Quickie,30.364,101.7259,0,7.2387,0,1560
14,New Quickie,30.519,101.7033,1,7.2400,0,1560
14,New Quickie,31.548,101.6271,0,7.2432,0,1560
14,New Quickie,33.479,101.3680,0,7.2593,0,1560
14,New Quickie,33.717,100.9735,1,7.1693,1,1560
14,New Quickie,33.892,100.9534,0,7.1765,1,1560
14,New Quickie,34.349,100.9178,0,7.1769,0,1560
14,New Quickie,34.505,100.9033,0,7.1764,0,1560
14,New Quickie,34.624,100.8972,1,7.1772,0,1560
14,New Quickie,34.769,100.8863,0,7.1764,0,1560
14,New Quickie,34.875,100.8809,0,7.1795,0,1560
14,New Quickie,35.344,100.8534,0,7.1795,0,1560
14,New Quickie,35.622,100.8341,0,7.1806,0,1560
14,New Quickie,36.712,100.7683,0,7.1874,1,1560
14,New Quickie,39.365,100.5699,0,7.1909,0,1560
14,New Quickie,39.472,100.5647,0,7.1942,0,1560
15,New Gilbert,24.721,332.7303,0,5.9608,2,1520
15,New Gilbert,24.845,332.7298,1,,,1520
15,New Gilbert,25.324,332.7234,1,,,1520
15,New Gilbert,25.696,332.7145,1,5.9592,1,1520
15,New Gilbert,25.900,332.7159,1,5.9622,0,1650
15,New Gilbert,26.403,332.7078,1,5.9620,0,1650
15,New Gilbert,26.691,332.7034,0,,,1650
15,New Gilbert,26.874,332.7078,2,,,1650
15,New Gilbert,27.398,332.6916,2,5.9071,0,1650
15,New Gilbert,27.529,332.6941,0,,,1650
15,New Gilbert,27.661,332.6941,0,,,1650
15,New Gilbert,27.799,332.6922,1,,,1760
15,New Gilbert,27.904,332.6914,0,,,1760
15,New Gilbert,28.378,332.6843,0,5.9699,0,1760
15,New Gilbert,29.402,332.6756,1,5.9724,0,1760
15,New Gilbert,30.374,332.6675,1,5.9734,0,1760
15,New Gilbert,31.505,332.6558,1,5.9781,0,1760
15,New Gilbert,33.381,332.6340,1,5.9853,0,1760
15,New Gilbert,33.610,332.6279,0,5.9833,0,1500
15,New Gilbert,34.621,332.6224,0,5.9866,0,1500
15,New Gilbert,36.678,332.6075,2,5.9876,0,1450
15,New Gilbert,39.483,332.5842,2,5.9929,1,1310
15,New Gilbert,41.386,332.5740,0,6.0049,0,1750
15,New Gilbert,43.460,332.5573,1,6.0111,1,1560
15,New Gilbert,44.398,332.5558,1,6.0127,0,1620
15,New Gilbert,45.367,332.5533,0,6.0146,0,1620
15,New Gilbert,46.356,332.5488,1,6.0168,0,1620
15,New Gilbert,47.387,332.5453,1,6.0195,0,1620
15,New Gilbert,48.355,332.5445,1,6.0213,0,1620
15,New Quickie,24.600,21.5716,0,4.6367,0,1466
15,New Quickie,25.638,21.5716,0,4.6385,0,1466
15,New Quickie,26.521,21.5705,0,4.6284,1,1466
15,New Quickie,27.496,21.5696,0,4.6379,0,1510
15,New Quickie,28.343,21.5689,2,4.6386,2,1553
15,New Quickie,29.556,21.5738,0,4.6426,1,1560
15,New Quickie,30.396,21.5684,0,4.6418,0,1560
15,New Quickie,33.725,21.5639,0,4.6480,0,1560
15,New Quickie,34.466,21.5637,0,4.6460,0,1560
16,New Gilbert,24.712,331.5155,0,3.8130,2,1520
16,New Gilbert,24.835,331.4977,1,,,1520
16,New Gilbert,25.319,331.4377,1,,,1520
16,New Gilbert,25.688,331.3903,1,3.8210,1,1520
16,New Gilbert,25.894,331.3650,1,3.8240,0,1650
16,New Gilbert,26.390,331.3009,1,3.8320,0,1650
16,New Gilbert,26.686,331.2651,0,,,1650
16,New Gilbert,26.869,331.2376,2,,,1650
16,New Gilbert,27.391,331.1740,2,3.8406,0,1650
16,New Gilbert,27.522,331.1544,0,,,1650
16,New Gilbert,27.656,331.1456,0,,,1650
16,New Gilbert,27.794,331.1234,1,,,1760
16,New Gilbert,27.899,331.1115,0,,,1760
16,New Gilbert,28.374,331.0518,0,3.8641,0,1760
16,New Gilbert,29.401,330.9279,1,3.8601,0,1760
16,New Gilbert,30.369,330.8099,1,3.8679,0,1760
16,New Gilbert,31.500,330.6654,1,3.8774,0,1760
16,New Gilbert,33.383,330.3567,1,3.8952,0,1760
16,New Gilbert,33.601,330.3177,1,3.8968,0,1500
16,New Gilbert,34.614,330.1724,1,3.9064,0,1500
17,New Gilbert,24.714,332.2609,0,4.1610,1,1520
17,New Gilbert,24.837,332.2393,1,,,1520
17,New Gilbert,25.321,332.1694,1,,,1520
17,New Gilbert,25.690,332.1133,1,4.1700,1,1520
17,New Gilbert,25.895,332.0823,1,4.1742,0,1650
17,New Gilbert,26.392,332.0045,1,4.1811,0,1650
17,New Gilbert,26.688,331.9607,1,,,1650
17,New Gilbert,26.871,331.9296,2,,,1650
17,New Gilbert,27.393,331.8510,2,4.1907,0,1650
17,New Gilbert,27.524,331.8299,0,,,1650
17,New Gilbert,27.658,331.8135,0,,,1650
17,New Gilbert,27.796,331.7919,1,,,1760
17,New Gilbert,27.900,331.7749,0,,,1760
17,New Gilbert,28.368,331.7027,0,4.2057,0,1760
17,New Gilbert,28.519,331.6802,0,,,1760
17,New Gilbert,28.637,331.6634,0,,,1760
17,New Gilbert,28.760,331.6476,0,,,1760
17,New Gilbert,28.881,331.6274,0,,,1760
17,New Gilbert,29.399,331.5483,1,4.2231,0,1760
17,New Gilbert,29.507,331.5305,0,,,1760
17,New Gilbert,29.632,331.5108,0,,,1760
17,New Gilbert,29.761,331.4907,0,,,1760
17,New Gilbert,29.885,331.4703,0,,,1760
17,New Gilbert,30.370,331.3925,1,4.2439,0,1760
17,New Gilbert,30.590,331.3551,2,,,1760
17,New Gilbert,30.630,331.3504,0,,,1760
17,New Gilbert,30.752,331.3295,0,4.2439,0,1760
17,New Quickie,24.628,35.4431,0,4.6262,1,1466
17,New Quickie,25.649,35.4232,0,4.6283,0,1466
17,New Quickie,26.527,35.4027,0,4.6267,0,1466
17,New Quickie,27.509,35.3824,0,4.6288,0,1510
17,New Quickie,28.363,35.3494,3,4.6290,2,1553
18,New Quickie,24.625,31.9380,0,4.7001,0,1466
18,New Quickie,25.645,31.9300,1,4.6956,1,1466
18,New Quickie,26.526,31.9185,0,4.6936,0,1466
18,New Quickie,27.503,31.9091,1,4.6896,0,1510
18,New Quickie,28.351,31.9043,3,4.6873,2,1553
18,New Quickie,29.546,31.8953,0,4.6813,0,1560
18,New Quickie,30.389,31.8758,0,4.6854,0,1560
18,New Quickie,34.473,31.8150,0,4.6841,0,1560
19,New Gilbert,24.716,333.1033,0,5.1200,1,1520
19,New Gilbert,24.839,333.0803,1,,,1520
19,New Gilbert,25.322,332.9964,1,,,1520
19,New Gilbert,25.692,332.9304,1,5.1295,1,1520
19,New Gilbert,25.897,332.8959,1,5.1370,0,1650
19,New Gilbert,26.393,332.8089,1,5.1440,0,1650
19,New Gilbert,26.689,332.7547,1,,,1650
19,New Gilbert,26.872,332.7610,2,,,1650
19,New Gilbert,27.395,332.6350,2,5.1592,0,1650
19,New Gilbert,27.526,332.6124,0,,,1650
19,New Gilbert,27.659,332.5933,0,,,1650
19,New Gilbert,27.797,332.5673,1,,,1760
19,New Gilbert,27.901,332.5620,0,,,1760
19,New Gilbert,28.376,332.4657,0,5.1737,0,1760
19,New Gilbert,28.519,332.4444,0,,,1760
19,New Gilbert,28.639,332.4282,0,,,1760
19,New Gilbert,28.762,332.4082,0,,,1760
19,New Gilbert,28.881,332.3837,0,,,1760
19,New Gilbert,29.400,332.2999,1,5.1889,0,1760
19,New Gilbert,29.508,332.2815,0,,,1760
19,New Gilbert,29.633,332.2605,0,,,1760
19,New Gilbert,29.762,332.2386,0,,,1760
19,New Gilbert,29.887,332.2165,0,,,1760
19,New Gilbert,30.372,332.1347,1,5.2026,0,1760
19,New Gilbert,30.592,332.0966,2,,,1760
19,New Gilbert,30.631,332.0933,0,,,1760
19,New Gilbert,30.753,332.0693,0,,,1760
19,New Gilbert,31.502,331.9385,1,5.2179,0,1760
19,New Gilbert,33.378,331.5217,1,5.2537,0,1760
19,New Gilbert,33.606,331.4742,1,5.2545,0,1500
19,New Gilbert,33.721,331.4524,0,,,1500
19,New Gilbert,33.837,331.4296,0,,,1500
19,New Gilbert,34.340,331.3340,1,,,1500
19,New Gilbert,34.468,331.3160,0,,,1500
19,New Gilbert,34.617,331.2919,0,5.2708,0,1500
19,New Gilbert,34.719,331.2741,0,,,1500
19,New Gilbert,34.839,331.2531,0,,,1450
19,New Gilbert,35.346,331.1746,0,,,1450
19,New Gilbert,35.467,331.1586,2,,,1450
19,New Gilbert,36.659,330.9835,1,,,1450
19,New Gilbert,36.799,330.9639,0,5.3003,0,1450
19,New Gilbert,38.841,330.6349,1,5.3304,1,1310
19,New Gilbert,39.340,330.5554,0,,,1310
19,New Gilbert,39.481,330.5322,2,5.3408,2,1310
19,New Gilbert,39.601,330.5194,0,,,1310
19,New Gilbert,39.722,330.4997,0,,,1310
19,New Gilbert,40.346,330.4081,2,,,1310
19,New Gilbert,40.701,330.3516,0,,,1750
19,New Gilbert,40.835,330.3338,1,,,1750
19,New Gilbert,41.384,330.2502,0,5.3779,0,1750
19,New Gilbert,41.558,330.2253,0,,,1750
19,New Gilbert,41.685,330.2078,1,,,1750
19,New Gilbert,41.806,330.1921,0,,,1750
19,New Gilbert,42.517,330.0890,0,,,1750
19,New Gilbert,42.809,330.0471,3,,,1750
19,New Gilbert,43.458,329.9506,1,5.4090,0,1560
19,New Gilbert,43.560,329.9411,1,,,1560
19,New Gilbert,43.707,329.9196,1,,,1620
19,New Gilbert,43.803,329.9059,1,,,1620
19,New Gilbert,44.396,329.8189,1,5.4211,0,1620
19,New Gilbert,44.476,329.8060,1,,,1620
19,New Gilbert,44.604,329.7888,1,,,1620
19,New Gilbert,44.725,329.7711,0,,,1620
19,New Gilbert,44.836,329.7551,0,,,1620
19,New Gilbert,45.365,329.6731,0,5.4392,0,1620
19,New Gilbert,45.469,329.6537,1,,,1620
19,New Gilbert,45.592,329.6385,1,,,1620
19,New Quickie,24.633,27.4748,0,4.7341,0,1466
19,New Quickie,25.643,27.4810,0,4.7362,1,1466
19,New Quickie,26.524,27.4846,0,4.7363,0,1466
19,New Quickie,27.501,27.4868,1,4.7380,0,1510
19,New Quickie,28.348,27.4958,2,4.7380,2,1553
19,New Quickie,29.555,27.4982,0,4.7413,0,1560
19,New Quickie,30.392,27.4934,0,4.7434,0,1560
19,New Quickie,33.736,27.5011,1,4.7517,0,1560
19,New Quickie,34.470,27.5022,0,4.7550,0,1560
20,New Gilbert,24.719,333.6437,0,5.6214,1,1520
20,New Gilbert,24.842,333.6268,1,,,1520
20,New Gilbert,25.323,333.5698,1,,,1520
20,New Gilbert,25.694,333.5219,1,5.6317,1,1520
20,New Gilbert,25.899,333.5005,1,5.6408,0,1650
20,New Gilbert,26.401,333.4373,1,5.6433,0,1650
20,New Gilbert,26.690,333.3995,1,,,1650
20,New Gilbert,26.873,333.3816,2,,,1650
20,New Gilbert,27.396,333.3174,2,5.6572,0,1650
20,New Gilbert,27.527,333.3050,0,,,1650
20,New Gilbert,27.660,333.2906,0,,,1650
20,New Gilbert,27.756,333.2666,1,,,1760
20,New Gilbert,27.903,333.2606,0,,,1760
20,New Gilbert,28.377,333.2057,0,5.6712,0,1760
20,New Gilbert,28.521,333.1924,0,,,1760
20,New Gilbert,28.639,333.1779,0,,,1760
20,New Gilbert,28.762,333.1643,0,,,1760
20,New Gilbert,28.883,333.1495,0,,,1760
20,New Gilbert,29.402,333.0928,0,5.6831,0,1760
20,New Gilbert,29.509,333.0801,0,,,1760
20,New Gilbert,29.633,333.0668,0,,,1760
20,New Gilbert,29.763,333.0506,0,,,1760
20,New Gilbert,29.887,333.0353,0,,,1760
20,New Gilbert,30.372,332.9808,1,5.6951,0,1760
20,New Gilbert,30.592,332.9545,2,,,1760
20,New Gilbert,30.631,332.9525,0,,,1760
20,New Gilbert,30.753,332.9372,0,,,1760
20,New Gilbert,31.503,332.8473,1,5.7112,0,1760
20,New Gilbert,33.379,332.5534,1,5.7422,0,1760
20,New Gilbert,33.608,332.5161,0,5.7436,0,1500
20,New Gilbert,33.724,332.5045,0,,,1500
20,New Gilbert,33.838,332.4877,0,,,1500
20,New Gilbert,34.342,332.4223,1,,,1500
20,New Gilbert,34.469,332.4105,0,,,1500
20,New Gilbert,34.619,332.3961,0,5.7568,0,1500
20,New Gilbert,34.720,332.3820,0,,,1500
20,New Gilbert,34.840,332.3673,0,,,1450
20,New Gilbert,35.348,332.3153,0,,,1450
20,New Gilbert,35.469,332.3031,2,,,1450
20,New Gilbert,36.664,332.1855,1,,,1450
20,New Gilbert,36.800,332.1720,0,5.7837,1,1450
20,New Gilbert,38.843,331.9416,0,5.8074,0,1310
20,New Gilbert,39.341,331.8845,0,,,1310
20,New Gilbert,39.483,331.8693,2,5.8176,1,1310
20,New Gilbert,39.602,331.8615,0,,,1310
20,New Gilbert,39.724,331.8492,0,,,1310
20,New Gilbert,40.347,331.7781,2,,,1310
20,New Gilbert,40.704,331.7428,0,,,1750
20,New Gilbert,40.836,331.7347,1,,,1750
20,New Gilbert,41.385,331.6786,0,5.8515,0,1750
20,New Gilbert,41.559,331.6612,0,,,1750
20,New Gilbert,41.686,331.6489,1,,,1750
20,New Gilbert,41.806,331.6380,0,,,1750
20,New Quickie,24.605,24.9106,0,4.8117,0,1466
20,New Quickie,25.640,24.9198,0,4.8171,1,1466
20,New Quickie,26.522,24.9292,0,4.8176,0,1466
20,New Quickie,27.498,24.9394,1,4.8206,0,1510
20,New Quickie,28.346,24.9455,2,4.8213,2,1553
20,New Quickie,29.556,24.9639,0,4.8296,0,1560
20,New Quickie,30.393,24.9675,0,4.8282,0,1560
21,New Gilbert,21.726,361.0543,0,2.2046,0,1520
21,New Gilbert,24.739,360.9665,0,2.2182,0,1520
21,New Gilbert,24.846,360.9644,1,,,1520
21,New Gilbert,25.326,360.9523,1,,,1520
21,New Gilbert,25.901,360.9364,1,2.2218,0,1650
21,New Gilbert,26.405,360.9204,1,2.2214,0,1650
21,New Gilbert,27.399,360.8939,1,2.2256,0,1650
21,New Gilbert,28.379,360.8675,0,2.2308,0,1760
21,New Gilbert,29.440,360.8400,1,2.2367,0,1760
21,New Gilbert,30.376,360.8120,1,2.2386,0,1760
21,New Gilbert,31.508,360.7789,1,2.2453,0,1760
21,New Gilbert,33.404,360.7055,1,2.2520,0,1760
21,New Gilbert,33.613,360.6965,0,2.2504,0,1500
21,New Gilbert,34.624,360.6704,0,2.2558,0,1500
21,New Gilbert,36.738,360.6251,1,2.2635,0,1450
21,New Gilbert,38.884,360.5726,2,2.2707,1,1310
21,New Gilbert,39.485,360.5579,1,2.2748,1,1310
21,New Gilbert,41.388,360.5187,0,2.2893,0,1750
21,New Gilbert,43.449,360.4707,1,2.2997,0,1560
21,New Gilbert,44.402,360.4538,1,2.3027,0,1620
21,New Gilbert,45.371,360.4313,0,2.3061,0,1620
21,New Gilbert,46.360,360.4086,1,2.3099,0,1620
21,New Gilbert,47.390,360.3844,1,2.3137,0,1620
21,New Gilbert,48.350,360.3597,1,2.3180,0,1620
21,New Quickie,21.724,55.1703,0,5.6040,0,1466
21,New Quickie,23.479,55.1061,0,5.6046,0,1466
21,New Quickie,24.892,55.0504,0,5.6041,0,1466
21,New Quickie,25.797,55.0174,0,5.6044,0,1466
21,New Quickie,27.529,54.9562,1,5.6055,0,1510
21,New Quickie,28.380,54.9262,2,5.6064,2,1553
21,New Quickie,29.525,54.8868,0,5.6084,0,1560
21,New Quickie,30.376,54.8544,0,5.6087,0,1560
21,New Quickie,33.760,54.7066,0,5.6142,1,1560
21,New Quickie,34.491,54.6807,0,5.6137,0,1560
21,New Quickie,39.493,54.5417,0,5.6268,0,1560
22,New Gilbert,21.708,395.5429,0,1.8134,0,1520
22,New Gilbert,24.731,395.5389,0,1.8134,0,1520
22,New Gilbert,24.846,395.5398,1,,,1520
22,New Gilbert,25.326,395.5399,1,,,1520
22,New Gilbert,25.903,395.5401,1,1.8105,0,1650
22,New Gilbert,26.407,395.5390,1,1.8149,0,1650
22,New Gilbert,27.399,395.5388,2,1.8131,0,1650
22,New Gilbert,28.381,395.5371,0,1.8161,0,1760
22,New Gilbert,29.443,395.5376,1,1.8175,0,1760
22,New Gilbert,30.379,395.5393,1,1.8188,0,1760
22,New Gilbert,31.509,395.5377,1,1.8213,0,1760
22,New Gilbert,33.406,395.5388,1,1.8209,0,1760
22,New Gilbert,33.615,395.5383,0,1.8191,0,1500
22,New Gilbert,34.626,395.5405,0,1.8191,0,1500
22,New Gilbert,36.701,395.5397,1,1.8215,0,1450
22,New Gilbert,39.486,395.5376,2,1.8240,1,1310
22,New Gilbert,41.393,395.5420,0,1.8298,0,1750
22,New Gilbert,43.451,395.5351,1,1.8346,0,1560
22,New Gilbert,44.404,395.5399,1,1.8344,0,1620
22,New Gilbert,45.372,395.5416,0,1.8352,0,1620
22,New Gilbert,46.361,395.5409,1,1.8358,0,1620
22,New Gilbert,47.396,395.5402,1,1.8398,0,1620
22,New Gilbert,48.351,395.5372,1,1.8367,0,1620
