marker,t,x,y
11,1984-08-12T01:30:02Z,497621.696511922,6765263.95022224
11,1984-08-12T01:46:01Z,497621.674495548,6765263.83269456
11,1984-08-12T02:00:00Z,497621.655187558,6765263.72962476
11,1984-08-12T02:14:58Z,497621.634431499,6765263.6188249
11,1984-08-12T02:29:57Z,497621.613635238,6765263.50781043
11,1984-08-12T02:45:04Z,497621.592615313,6765263.39560199
11,1984-08-12T03:02:03Z,497621.568985899,6765263.2694636
11,1984-08-12T03:15:01Z,497621.550973044,6765263.17330748
11,1984-08-12T03:30:00Z,497621.530184171,6765263.06233244
11,1984-08-12T03:59:57Z,497621.488754871,6765262.84117481
11,1984-08-12T04:15:04Z,497621.467950309,6765262.73011601
11,1984-08-12T04:30:02Z,497621.44743593,6765262.62060628
11,1984-08-12T05:00:00Z,497621.406691229,6765262.40310317
11,1984-08-12T05:14:58Z,497621.386461321,6765262.29511199
11,1984-08-12T05:29:57Z,497621.366326649,6765262.18762921
11,1984-08-12T06:01:03Z,497621.324813692,6765261.966025
11,1984-08-12T06:15:01Z,497621.306305751,6765261.86722602
11,1984-08-12T06:59:57Z,497621.247342596,6765261.55246925
11,1984-08-12T07:15:04Z,497621.227694651,6765261.44758472
11,1984-08-12T07:30:02Z,497621.208331193,6765261.34421882
11,1984-08-12T08:14:58Z,497621.150824263,6765261.03723568
11,1984-08-12T08:29:57Z,497621.131848685,6765260.93594036
11,1984-08-12T09:00:02Z,497621.093968425,6765260.73372819
11,1984-08-12T09:15:01Z,497621.075224001,6765260.63366682
11,1984-08-12T09:30:00Z,497621.056535463,6765260.53390378
11,1984-08-12T09:59:57Z,497621.019284305,6765260.33504986
11,1984-08-12T10:15:04Z,497621.000522211,6765260.23489417
11,1984-08-12T11:00:00Z,497620.944814823,6765259.93751732
11,1984-08-12T11:14:58Z,497620.926225083,6765259.83828169
11,1984-08-12T12:00:02Z,497620.870067824,6765259.53850335
11,1984-08-12T12:15:01Z,497620.851304063,6765259.43833876
11,1984-08-12T12:59:57Z,497620.794620353,6765259.13575012
11,1984-08-12T13:15:04Z,497620.775423947,6765259.03327598
11,1984-08-12T14:00:00Z,497620.718087383,6765258.72720228
11,1984-08-12T14:14:58Z,497620.698891376,6765258.62473027
11,1984-08-12T15:00:02Z,497620.640927323,6765258.31530691
11,1984-08-12T15:15:01Z,497620.621618672,6765258.21223359
11,1984-08-12T15:59:57Z,497620.563607065,6765257.90255638
11,1984-08-12T17:45:04Z,497620.427935515,6765257.17831533
11,1984-08-12T18:00:02Z,497620.408678062,6765257.07551531
11,1984-08-12T18:15:01Z,497620.389451437,6765256.97287986
11,1984-08-12T18:30:00Z,497620.370260001,6765256.87043225
11,1984-08-12T18:44:58Z,497620.351106797,6765256.76818873
11,1984-08-12T18:59:57Z,497620.331989609,6765256.66613748
11,1984-08-12T19:15:04Z,497620.312721549,6765256.56328084
11,1984-08-12T19:30:02Z,497620.293666072,6765256.46155901
11,1984-08-12T19:45:01Z,497620.274635993,6765256.35997275
11,1984-08-12T20:00:00Z,497620.255627781,6765256.25850324
11,1984-08-12T20:14:58Z,497620.236637911,6765256.15713163
11,1984-08-12T20:30:57Z,497620.21638613,6765256.04902369
11,1984-08-12T20:45:04Z,497620.198516778,6765255.95363361
11,1984-08-12T21:15:01Z,497620.160609042,6765255.75127477
11,1984-08-12T21:30:00Z,497620.141656144,6765255.65010052
11,1984-08-12T22:00:57Z,497620.10241547,6765255.44062619
11,1984-08-12T22:15:56Z,497620.083375642,6765255.3389879
11,1984-08-12T22:30:02Z,497620.065382039,6765255.24293456
11,1984-08-12T22:45:01Z,497620.04619978,6765255.14062947
11,1984-08-12T23:00:00Z,497620.026844339,6765255.03785781
11,1984-08-12T23:14:58Z,497620.007389042,6765254.93455594
11,1984-08-12T23:29:57Z,497619.987819545,6765254.83064771
11,1984-08-12T23:45:04Z,497619.967931434,6765254.72504774
11,1984-08-13T00:00:02Z,497619.948089073,6765254.61969068
11,1984-08-13T00:15:01Z,497619.928093929,6765254.51352239
11,1984-08-13T00:30:00Z,497619.907954549,6765254.40658825
11,1984-08-13T00:44:58Z,497619.88768406,6765254.29895796
11,1984-08-13T01:15:04Z,497619.846604743,6765254.08083896
11,1984-08-13T01:30:02Z,497619.826018867,6765253.97153406
11,1984-08-13T01:45:01Z,497619.805354516,6765253.86181248
11,1984-08-13T02:00:00Z,497619.784624816,6765253.75174391
11,1984-08-13T02:14:58Z,497619.763842893,6765253.64139806
11,1984-08-13T02:29:57Z,497619.743021875,6765253.53084463
11,1984-08-13T02:45:04Z,497619.721974356,6765253.41908854
11,1984-08-13T05:14:58Z,497619.514774185,6765252.31891703
11,1984-08-13T05:29:57Z,497619.494507324,6765252.211306
11,1984-08-13T05:45:04Z,497619.474160316,6765252.10326941
11,1984-08-13T06:00:02Z,497619.454115084,6765251.99683518
11,1984-08-13T06:15:01Z,497619.434171724,6765251.89094184
11,1984-08-13T06:30:00Z,497619.414324641,6765251.78555971
11,1984-08-13T06:44:58Z,497619.394568242,6765251.68065909
11,1984-08-13T06:59:57Z,497619.374896937,6765251.57621029
11,1984-08-13T07:30:02Z,497619.335599899,6765251.36755466
11,1984-08-13T07:46:01Z,497619.314844193,6765251.25734801
11,1984-08-13T08:00:00Z,497619.296764654,6765251.16135102
11,1984-08-13T08:45:04Z,497619.238740483,6765250.85325987
11,1984-08-13T09:00:02Z,497619.219548388,6765250.75135553
11,1984-08-13T09:15:01Z,497619.200390352,6765250.64963203
11,1984-08-13T09:30:00Z,497619.181260639,6765250.54805892
11,1984-08-13T09:44:58Z,497619.162153506,6765250.44660571
11,1984-08-13T09:59:57Z,497619.143063215,6765250.34524192
11,1984-08-13T10:15:04Z,497619.123800606,6765250.24296318
11,1984-08-13T10:30:02Z,497619.104726803,6765250.14168693
11,1984-08-13T10:45:01Z,497619.085652564,6765250.04040838
11,1984-08-13T11:00:00Z,497619.066572152,6765249.93909705
11,1984-08-13T11:14:58Z,497619.047480352,6765249.83772525
11,1984-08-13T11:29:57Z,497619.028374053,6765249.73627646
11,1984-08-13T11:45:04Z,497619.009066701,6765249.63376014
11,1984-08-13T12:00:02Z,497618.98992345,6765249.53211515
11,1984-08-13T12:16:01Z,497618.969467071,6765249.42349784
11,1984-08-13T12:30:00Z,497618.951567533,6765249.32845659
11,1984-08-13T12:44:58Z,497618.932349698,6765249.22641558
11,1984-08-13T12:59:57Z,497618.913101831,6765249.12421512
11,1984-08-13T13:15:04Z,497618.893635793,6765249.02085623
11,1984-08-13T13:30:02Z,497618.874319761,6765248.91829382
11,1984-08-13T13:45:01Z,497618.854966879,6765248.81553574
11,1984-08-13T14:00:00Z,497618.83557936,6765248.71259377
11,1984-08-13T14:29:57Z,497618.796713113,6765248.50622552
11,1984-08-13T15:16:01Z,497618.736731637,6765248.18774165
11,1984-08-13T15:44:58Z,497618.698975618,6765247.98726838
11,1984-08-13T15:59:57Z,497618.679425209,6765247.8834615
11,1984-08-13T16:15:04Z,497618.659680703,6765247.77862402
11,1984-08-13T16:30:02Z,497618.640121384,6765247.67476983
11,1984-08-13T16:45:01Z,497618.620562406,6765247.57091745
11,1984-08-13T17:00:00Z,497618.601006943,6765247.46708374
11,1984-08-13T17:29:57Z,497618.561919267,6765247.25953976
11,1984-08-13T17:45:04Z,497618.542205811,6765247.15486715
11,1984-08-13T18:00:02Z,497618.522696918,6765247.05128071
11,1984-08-13T18:15:01Z,497618.503208441,6765246.94780268
11,1984-08-13T18:30:00Z,497618.483744052,6765246.84445254
11,1984-08-13T18:44:58Z,497618.464307422,6765246.74124979
11,1984-08-13T19:15:04Z,497618.425346052,6765246.53437647
11,1984-08-13T19:30:02Z,497618.406106465,6765246.43174801
11,1984-08-13T19:45:01Z,497618.386998232,6765246.32935783
11,1984-08-13T20:00:00Z,497618.367935718,6765246.22721264
11,1984-08-13T20:45:04Z,497618.310877381,6765245.92146939
11,1984-08-13T21:00:02Z,497618.292031461,6765245.82048481
11,1984-08-13T21:30:00Z,497618.25445717,6765245.6191455
11,1984-08-13T21:44:58Z,497618.235697113,6765245.518621
11,1984-08-13T21:59:57Z,497618.216933999,6765245.41808011
11,1984-08-13T22:15:04Z,497618.197971241,6765245.31646947
11,1984-08-13T22:30:02Z,497618.17915407,6765245.21563892
11,1984-08-13T22:46:01Z,497618.159013993,6765245.10771968
11,1984-08-13T23:00:00Z,497618.141351679,6765245.01307736
11,1984-08-13T23:14:58Z,497618.122334775,6765244.91117656
11,1984-08-13T23:29:57Z,497618.10321961,6765244.80874924
11,1984-08-14T00:00:02Z,497618.064475173,6765244.6011398
11,1984-08-14T00:15:01Z,497618.045041522,6765244.49700588
11,1984-08-14T00:45:59Z,497618.004578917,6765244.28018975
11,1984-08-14T00:59:57Z,497617.986209961,6765244.18176094
11,1984-08-14T01:15:04Z,497617.966255482,6765244.07483621
11,1984-08-14T03:59:57Z,497617.745890065,6765242.894023
11,1984-08-14T04:15:04Z,497617.725612194,6765242.78536539
11,1984-08-14T04:30:02Z,497617.705546355,6765242.67784395
11,1984-08-14T04:45:01Z,497617.685506346,6765242.57046091
11,1984-08-14T05:00:00Z,497617.665499148,6765242.46325369
11,1984-08-14T05:14:58Z,497617.645531745,6765242.35625972
11,1984-08-14T05:29:57Z,497617.62561125,6765242.24951708
11,1984-08-14T05:45:04Z,497617.605554547,6765242.14204459
11,1984-08-14T06:00:02Z,497617.585751475,6765242.03593116
11,1984-08-14T06:15:01Z,497617.566018482,6765241.93019325
11,1984-08-14T06:30:00Z,497617.546363312,6765241.82487236
11,1984-08-14T07:00:57Z,497617.506010054,6765241.60864215
11,1984-08-14T07:15:04Z,497617.487756389,6765241.51083111
11,1984-08-14T07:30:02Z,497617.468491021,6765241.40759895
11,1984-08-14T07:45:01Z,497617.449342268,6765241.30499164
11,1984-08-14T08:00:00Z,497617.430317868,6765241.20305068
11,1984-08-14T08:14:58Z,497617.411422128,6765241.10179914
11,1984-08-14T08:29:57Z,497617.392645607,6765241.00118641
11,1984-08-14T08:45:04Z,497617.373796377,6765240.90018409
11,1984-08-14T09:00:02Z,497617.35522049,6765240.80064645
11,1984-08-14T09:15:01Z,497617.336725058,6765240.70153993
11,1984-08-14T09:44:58Z,497617.299924041,6765240.50434416
11,1984-08-14T10:15:04Z,497617.2631144,6765240.30710219
11,1984-08-14T10:30:02Z,497617.244828138,6765240.20911648
11,1984-08-14T10:45:01Z,497617.226544926,6765240.11114712
11,1984-08-14T11:00:00Z,497617.208251881,6765240.01312508
11,1984-08-14T11:14:58Z,497617.189938742,6765239.91499536
11,1984-08-14T11:29:57Z,497617.171605697,6765239.81675897
11,1984-08-14T11:45:04Z,497617.153079032,6765239.71748509
11,1984-08-14T12:15:01Z,497617.116338432,6765239.52061307
11,1984-08-14T12:30:00Z,497617.097953741,6765239.42209994
11,1984-08-14T12:44:58Z,497617.079563197,6765239.32355545
11,1984-08-14T12:59:57Z,497617.061169602,6765239.22499462
11,1984-08-14T13:30:02Z,497617.024207672,6765239.0269366
11,1984-08-14T13:45:01Z,497617.005821828,6765238.9284173
11,1984-08-14T14:00:00Z,497616.987444183,6765238.82994193
11,1984-08-14T14:29:57Z,497616.950718937,6765238.63315218
11,1984-08-14T14:45:04Z,497616.9321926,6765238.53388005
11,1984-08-14T15:15:01Z,497616.895510607,6765238.33732207
11,1984-08-14T15:30:00Z,497616.877175424,6765238.23907423
11,1984-08-14T15:44:58Z,497616.858842083,6765238.14083626
11,1984-08-14T15:59:57Z,497616.840509061,6765238.0426
11,1984-08-14T16:15:04Z,497616.821998529,6765237.94341257
11,1984-08-14T16:30:02Z,497616.803661536,6765237.84515503
11,1984-08-14T16:45:01Z,497616.785320273,6765237.74687461
11,1984-08-14T22:18:57Z,497616.379228803,6765235.53331719
11,1984-08-14T23:25:03Z,497616.298132023,6765235.08564709
11,1984-08-15T01:11:02Z,497616.166445811,6765234.35871342
11,1984-08-15T01:43:00Z,497616.126418968,6765234.13775741
11,1984-08-15T02:15:59Z,497616.085028029,6765233.90927134
11,1984-08-15T02:51:59Z,497616.039755174,6765233.65935632
11,1984-08-15T03:31:00Z,497615.990618094,6765233.38811002
11,1984-08-15T05:14:58Z,497615.859735312,6765232.66561144
11,1984-08-15T05:29:57Z,497615.840921749,6765232.56175689
11,1984-08-15T05:45:04Z,497615.821945131,6765232.45700225
11,1984-08-15T06:00:02Z,497615.803169516,6765232.35335718
11,1984-08-15T06:15:01Z,497615.784416657,6765232.24983772
11,1984-08-15T06:30:00Z,497615.765690843,6765232.14646757
11,1984-08-15T06:44:58Z,497615.747003231,6765232.04330829
11,1984-08-15T06:59:57Z,497615.728366692,6765231.94043095
11,1984-08-15T07:15:04Z,497615.709615866,6765231.83692272
11,1984-08-15T07:30:02Z,497615.691120885,6765231.73482681
11,1984-08-15T07:45:01Z,497615.672715716,6765231.63322667
11,1984-08-15T08:00:00Z,497615.65441323,6765231.53219336
11,1984-08-15T08:14:58Z,497615.636226296,6765231.43179792
11,1984-08-15T08:29:57Z,497615.618167787,6765231.33211142
11,1984-08-15T08:45:04Z,497615.600079021,6765231.2322579
11,1984-08-15T09:00:02Z,497615.582313172,6765231.13418693
11,1984-08-15T09:15:01Z,497615.564688361,6765231.03689453
11,1984-08-15T09:30:00Z,497615.547191334,6765230.94030751
11,1984-08-15T09:44:58Z,497615.529808837,6765230.84435272
11,1984-08-15T09:59:57Z,497615.512527616,6765230.748957
11,1984-08-15T10:15:04Z,497615.49516948,6765230.65313669
11,1984-08-15T10:30:02Z,497615.478051698,6765230.55864319
11,1984-08-15T10:45:01Z,497615.460995298,6765230.46448852
11,1984-08-15T11:00:00Z,497615.443987026,6765230.37059953
11,1984-08-15T11:14:58Z,497615.427013625,6765230.27690303
11,1984-08-15T11:29:57Z,497615.41006184,6765230.18332586
11,1984-08-15T11:45:04Z,497615.392956956,6765230.08890356
11,1984-08-15T12:00:02Z,497615.376018597,6765229.9954005
11,1984-08-15T12:15:01Z,497615.359079099,6765229.90189116
11,1984-08-15T12:30:00Z,497615.342133736,6765229.80834944
11,1984-08-15T12:44:58Z,497615.325177782,6765229.71474924
11,1984-08-15T12:59:57Z,497615.308206508,6765229.6210645
11,1984-08-15T13:15:04Z,497615.291051699,6765229.5263666
11,1984-08-15T13:30:02Z,497615.274035348,6765229.43243301
11,1984-08-15T13:45:01Z,497615.256989455,6765229.33833633
11,1984-08-15T14:00:00Z,497615.23990929,6765229.24405048
11,1984-08-15T14:14:58Z,497615.222790901,6765229.14955362
11,1984-08-15T14:29:57Z,497615.205633433,6765229.05484105
11,1984-08-15T14:45:04Z,497615.188271262,6765228.95899847
11,1984-08-15T15:00:02Z,497615.171035014,6765228.86385101
11,1984-08-15T15:15:01Z,497615.153759442,6765228.76848647
11,1984-08-15T16:30:02Z,497615.070091213,6765228.28796625
11,1984-08-15T17:00:00Z,497615.036887765,6765228.09465905
11,1984-08-15T17:14:58Z,497615.020229304,6765227.99767515
11,1984-08-15T17:29:57Z,497615.003532917,6765227.90047044
11,1984-08-15T17:45:04Z,497614.986637436,6765227.80210662
11,1984-08-15T18:00:02Z,497614.969865446,6765227.70446176
11,1984-08-15T18:15:01Z,497614.953060382,6765227.60662434
11,1984-08-15T18:44:58Z,497614.919371055,6765227.41048841
11,1984-08-15T18:59:57Z,497614.902496806,6765227.3122482
11,1984-08-15T19:15:04Z,497614.885447082,6765227.2129864
11,1984-08-15T19:45:01Z,497614.851653306,6765227.01624239
11,1984-08-15T20:00:00Z,497614.834756945,6765226.91787344
11,1984-08-15T20:29:57Z,497614.800990305,6765226.72128741
11,1984-08-15T20:45:04Z,497614.783968023,6765226.62218537
11,1984-08-15T21:00:02Z,497614.767130042,6765226.52415631
11,1984-08-15T21:15:01Z,497614.750319163,6765226.42628504
11,1984-08-15T21:45:59Z,497614.715660523,6765226.22450587
11,1984-08-15T22:15:56Z,497614.682230074,6765226.0298771
11,1984-08-15T22:30:02Z,497614.666504615,6765225.93832503
11,1984-08-15T22:45:01Z,497614.649829451,6765225.84124388
11,1984-08-15T23:00:00Z,497614.633164121,6765225.74421999
11,1984-08-15T23:14:58Z,497614.61650492,6765225.64723177
11,1984-08-15T23:45:04Z,497614.58302988,6765225.4523434
11,1984-08-16T00:00:02Z,497614.566366754,6765225.35533233
11,1984-08-16T00:15:01Z,497614.549694892,6765225.2582704
11,1984-08-16T00:30:00Z,497614.533010587,6765225.16113603
11,1984-08-16T00:44:58Z,497614.516310805,6765225.06391155
11,1984-08-16T18:44:58Z,497613.299664184,6765217.92534881
11,1984-08-16T18:59:57Z,497613.283855138,6765217.8263897
11,1984-08-16T19:30:02Z,497613.252105463,6765217.62764782
11,1984-08-16T19:45:01Z,497613.236317333,6765217.52881966
11,1984-08-16T20:00:00Z,497613.220536742,6765217.43003866
11,1984-08-16T21:54:02Z,497613.10063941,6765216.67952326
11,1984-08-16T22:15:04Z,497613.078596943,6765216.54154511
11,1984-08-16T22:30:02Z,497613.062907987,6765216.44333773
11,1984-08-16T22:46:01Z,497613.046174919,6765216.33859457
11,1984-08-16T23:01:00Z,497613.030507637,6765216.24052287
11,1984-08-16T23:15:59Z,497613.014846406,6765216.14248903
11,1984-08-16T23:30:57Z,497612.999186208,6765216.04446166
11,1984-08-16T23:45:04Z,497612.984425921,6765215.95206743
11,1984-08-17T00:15:01Z,497612.953067124,6765215.75577231
11,1984-08-17T00:30:00Z,497612.937362107,6765215.65746439
11,1984-08-17T00:44:58Z,497612.921633323,6765215.5590077
11,1984-08-17T00:59:57Z,497612.905875751,6765215.4603708
11,1984-08-17T01:34:56Z,497612.86891709,6765215.22902251
11,1984-08-17T01:37:58Z,497612.865712379,6765215.20896213
11,1984-08-17T01:45:01Z,497612.858227341,6765215.16210841
11,1984-08-17T02:00:00Z,497612.842306186,6765215.06244754
11,1984-08-17T02:14:58Z,497612.826337526,6765214.96248931
11,1984-08-17T02:29:57Z,497612.810320714,6765214.86222965
11,1984-08-17T02:45:04Z,497612.794100375,6765214.76069601
11,1984-08-17T03:00:02Z,497612.77798482,6765214.65981826
11,1984-08-17T03:15:01Z,497612.761819147,6765214.5586268
11,1984-08-17T03:30:00Z,497612.745602707,6765214.45711754
11,1984-08-17T03:44:58Z,497612.729334847,6765214.35528642
11,1984-08-17T03:59:57Z,497612.713014916,6765214.25312936
11,1984-08-17T04:30:02Z,497612.680058032,6765214.04683077
11,1984-08-17T04:45:01Z,497612.663579046,6765213.94367809
11,1984-08-17T05:00:00Z,497612.64705493,6765213.8402429
11,1984-08-17T05:14:58Z,497612.630494584,6765213.73658092
11,1984-08-17T05:29:57Z,497612.613906912,6765213.63274789
11,1984-08-17T05:45:04Z,497612.59714108,6765213.52779963
11,1984-08-17T06:00:02Z,497612.580525408,6765213.42379134
11,1984-08-17T06:15:01Z,497612.5639092,6765213.31977968
11,1984-08-17T06:30:00Z,497612.54730136,6765213.2158204
11,1984-08-17T06:44:58Z,497612.530710785,6765213.1119692
11,1984-08-17T06:59:57Z,497612.514146382,6765213.00828182
11,1984-08-17T07:15:04Z,497612.497457656,6765212.90381623
11,1984-08-17T07:30:02Z,497612.480968234,6765212.80059821
11,1984-08-17T07:45:01Z,497612.464524061,6765212.69766344
11,1984-08-17T08:00:00Z,497612.448130206,6765212.59504363
11,1984-08-17T08:14:58Z,497612.431791733,6765212.4927705
11,1984-08-17T08:29:57Z,497612.415513708,6765212.39087574
11,1984-08-17T08:45:04Z,497612.399145638,6765212.28841735
11,1984-08-17T09:00:02Z,497612.383004404,6765212.18737887
11,1984-08-17T09:15:01Z,497612.366938863,6765212.08681419
11,1984-08-17T09:30:00Z,497612.350954077,6765211.98675503
11,1984-08-17T09:44:58Z,497612.335052918,6765211.88721931
11,1984-08-17T09:59:57Z,497612.319229453,6765211.78816996
11,1984-08-17T10:15:04Z,497612.303324389,6765211.68860981
11,1984-08-17T10:30:02Z,497612.287632488,6765211.59038399
11,1984-08-17T10:45:01Z,497612.271993824,6765211.49249142
11,1984-08-17T11:00:00Z,497612.256400271,6765211.39488123
11,1984-08-17T11:14:58Z,497612.2408437,6765211.29750253
11,1984-08-17T11:29:57Z,497612.225315988,6765211.20030447
11,1984-08-17T11:45:04Z,497612.209659972,6765211.10230328
11,1984-08-17T12:00:02Z,497612.194165671,6765211.00531438
11,1984-08-17T12:15:01Z,497612.178675767,6765210.90835299
11,1984-08-17T12:30:00Z,497612.163183603,6765210.81137746
11,1984-08-17T12:44:58Z,497612.147688406,6765210.71438293
11,1984-08-17T12:59:57Z,497612.132190874,6765210.6173738
11,1984-08-17T13:15:04Z,497612.116542669,6765210.51942151
11,1984-08-17T13:30:02Z,497612.101042555,6765210.42239621
11,1984-08-17T13:45:01Z,497612.085542209,6765210.32536946
11,1984-08-17T14:00:00Z,497612.070042326,6765210.22834561
11,1984-08-17T14:14:58Z,497612.054543607,6765210.13132903
11,1984-08-17T14:29:57Z,497612.039046747,6765210.0343241
11,1984-08-17T14:45:04Z,497612.023403476,6765209.9364027
11,1984-08-17T15:00:02Z,497612.007277037,6765209.83933757
11,1984-08-17T15:15:01Z,497611.99093735,6765209.74224282
11,1984-08-17T15:30:00Z,497611.974594779,6765209.64513094
11,1984-08-17T15:44:58Z,497611.958246163,6765209.54798313
11,1984-08-17T15:59:57Z,497611.941888341,6765209.45078062
11,1984-08-17T16:15:04Z,497611.925360673,6765209.35256885
11,1984-08-17T16:30:02Z,497611.908974789,6765209.25519959
11,1984-08-17T16:45:01Z,497611.892570183,6765209.15771907
11,1984-08-17T17:00:00Z,497611.876143693,6765209.06010852
11,1984-08-17T17:14:58Z,497611.859692157,6765208.96234914
11,1984-08-17T17:29:57Z,497611.843213162,6765208.86442658
11,1984-08-17T17:45:04Z,497611.826548444,6765208.76540042
11,1984-08-17T18:00:02Z,497611.810016759,6765208.66716477
11,1984-08-17T18:15:01Z,497611.793460845,6765208.56878514
11,1984-08-17T18:30:00Z,497611.776882021,6765208.47026938
11,1984-08-17T18:44:58Z,497611.760281612,6765208.37162536
11,1984-08-17T18:59:57Z,497611.743660938,6765208.27286091
11,1984-08-17T19:15:04Z,497611.726861236,6765208.17303263
11,1984-08-17T19:30:02Z,497611.710203834,6765208.07404994
11,1984-08-17T19:45:01Z,497611.693530145,6765207.97497046
11,1984-08-17T20:00:00Z,497611.676842675,6765207.8758091
11,1984-08-17T20:29:57Z,497611.643456573,6765207.67742004
11,1984-08-17T20:45:04Z,497611.626614484,6765207.57733989
11,1984-08-17T21:00:02Z,497611.609951711,6765207.47832527
11,1984-08-17T21:15:01Z,497611.59331622,6765207.37947279
11,1984-08-17T21:30:00Z,497611.576716448,6765207.28083255
11,1984-08-17T21:44:58Z,497611.560160829,6765207.18245467
11,1984-08-17T21:59:57Z,497611.543657794,6765207.08438928
11,1984-08-17T22:15:04Z,497611.52705801,6765206.98574896
11,1984-08-17T22:30:02Z,497611.51068616,6765206.8884631
11,1984-08-17T22:45:01Z,497611.494392282,6765206.79164056
11,1984-08-17T23:00:00Z,497611.478181496,6765206.69531178
11,1984-08-17T23:14:58Z,497611.462045678,6765206.59942847
11,1984-08-18T00:44:58Z,497611.366011367,6765206.02876718
11,1984-08-18T00:59:57Z,497611.350079931,6765205.93409836
11,1984-08-18T01:15:04Z,497611.333978375,6765205.83841865
11,1984-08-18T01:30:02Z,497611.318001865,6765205.743482
11,1984-08-18T01:45:01Z,497611.301985715,6765205.64830979
11,1984-08-18T02:00:00Z,497611.285918481,6765205.55283403
11,1984-08-18T02:14:58Z,497611.269788727,6765205.45698676
11,1984-08-18T02:29:57Z,497611.253585009,6765205.36069999
11,1984-08-18T02:45:04Z,497611.23714158,6765205.26298878
11,1984-08-18T03:01:03Z,497611.219669217,6765205.15916337
11,1984-08-18T03:59:57Z,497611.15458919,6765204.77244062
11,1984-08-18T04:30:02Z,497611.120973507,6765204.57268732
11,1984-08-18T04:45:01Z,497611.104171775,6765204.47284699
11,1984-08-18T05:00:00Z,497611.08732693,6765204.37275045
11,1984-08-18T05:14:58Z,497611.070443658,6765204.27242558
11,1984-08-18T06:30:00Z,497610.985451458,6765203.76737942
11,1984-08-18T06:44:58Z,497610.968436023,6765203.6662692
11,1984-08-18T08:14:58Z,497610.866227665,6765203.05892008
11,1984-08-18T08:45:04Z,497610.832172553,6765202.85655559
11,1984-08-18T09:15:01Z,497610.798357996,6765202.65562054
11,1984-08-18T09:30:00Z,497610.781475675,6765202.55530131
11,1984-08-18T09:44:58Z,497610.764607818,6765202.45506804
11,1984-08-18T11:00:00Z,497610.680266839,6765201.95389162
11,1984-08-18T11:14:58Z,497610.663451625,6765201.85397116
11,1984-08-18T11:45:04Z,497610.629667087,6765201.65321449
11,1984-08-18T12:00:02Z,497610.612856135,6765201.55331937
11,1984-08-18T18:16:01Z,497610.185910516,6765199.01629545
11,1984-08-18T19:30:02Z,497610.099501801,6765198.502832
11,1984-08-18T19:45:01Z,497610.081873793,6765198.3980817
11,1984-08-18T20:00:00Z,497610.064194166,6765198.29302467
11,1984-08-18T20:14:58Z,497610.046465283,6765198.18767496
11,1984-08-18T21:00:02Z,497609.992842821,6765197.86903609
11,1984-08-18T21:15:01Z,497609.974948186,6765197.76270144
11,1984-08-18T21:30:00Z,497609.957020131,6765197.65616818
11,1984-08-18T21:59:57Z,497609.921076394,6765197.44258098
11,1984-08-18T23:29:57Z,497609.812597867,6765196.79797286
11,1984-08-19T00:00:02Z,497609.776248842,6765196.58197732
11,1984-08-19T00:15:01Z,497609.758161807,6765196.47449936
11,1984-08-19T00:30:00Z,497609.740079337,6765196.36704855
11,1984-08-19T00:44:58Z,497609.722003025,6765196.25963432
11,1984-08-19T02:29:57Z,497609.594982764,6765195.5048463
11,1984-08-19T02:45:04Z,497609.576566233,6765195.39541039
11,1984-08-19T03:30:00Z,497609.521523721,6765195.06833321
11,1984-08-19T03:44:58Z,497609.503049135,6765194.95855234
11,1984-08-19T03:59:57Z,497609.48450055,6765194.84833172
11,1984-08-19T04:15:04Z,497609.465692145,6765194.7365672
11,1984-08-19T04:45:01Z,497609.428166657,6765194.51358082
11,1984-08-19T05:01:00Z,497609.40798189,6765194.39363758
11,1984-08-19T05:29:57Z,497609.371118894,6765194.1745879
11,1984-08-19T05:45:04Z,497609.351690913,6765194.0591417
11,1984-08-19T06:15:01Z,497609.31285334,6765193.82835856
11,1984-08-19T06:30:00Z,497609.293261024,6765193.71193583
11,1984-08-19T17:14:58Z,497608.352374002,6765188.12093602
11,1984-08-19T17:29:57Z,497608.328560567,6765187.97943029
11,1984-08-19T17:45:04Z,497608.304440881,6765187.83610472
11,1984-08-19T18:00:02Z,497608.280475241,6765187.69369455
11,1984-08-19T23:45:04Z,497607.709505099,6765184.30083878
11,1984-08-20T00:59:57Z,497607.581410198,6765183.53966497
11,1984-08-20T01:30:02Z,497607.529567497,6765183.23160192
11,1984-08-20T01:45:01Z,497607.503697099,6765183.07787316
11,1984-08-20T02:00:00Z,497607.477780188,6765182.92386801
11,1984-08-20T02:14:58Z,497607.451822056,6765182.76961791
11,1984-08-20T02:29:57Z,497607.425828879,6765182.61515958
11,1984-08-20T02:45:04Z,497607.399556503,6765182.45904216
11,1984-08-20T03:00:02Z,497607.373511581,6765182.30427634
11,1984-08-20T03:15:01Z,497607.347450202,6765182.14941273
11,1984-08-20T03:30:00Z,497607.321378546,6765181.99448804
11,1984-08-20T03:44:58Z,497607.295302787,6765181.83953898
11,1984-08-20T03:59:57Z,497607.269229106,6765181.68460226
11,1984-08-20T04:30:02Z,497607.216862278,6765181.3734247
11,1984-08-20T04:45:01Z,497607.190831783,6765181.21874461
11,1984-08-20T05:00:00Z,497607.16482614,6765181.06421219
11,1984-08-20T05:14:58Z,497607.138849533,6765180.90985232
11,1984-08-20T05:29:57Z,497607.112906149,6765180.75568986
11,1984-08-20T05:45:04Z,497607.086751271,6765180.60027065
11,1984-08-20T06:00:02Z,497607.060887309,6765180.44658014
11,1984-08-20T06:15:01Z,497607.035069164,6765180.29316189
11,1984-08-20T12:00:02Z,497606.462620341,6765176.89151941
11,1984-08-20T12:30:00Z,497606.415857056,6765176.61363959
11,1984-08-20T12:44:58Z,497606.392705558,6765176.47606727
11,1984-08-20T14:45:04Z,497606.212253717,6765175.40377464
11,1984-08-20T15:44:58Z,497606.125058669,6765174.88563859
11,1984-08-20T16:45:01Z,497606.038995502,6765174.37422846
11,1984-08-20T17:00:00Z,497606.017693335,6765174.24764534
11,1984-08-20T17:14:58Z,497605.996443275,6765174.12137186
11,1984-08-20T17:29:57Z,497605.975239048,6765173.99537072
11,1984-08-20T17:45:04Z,497605.953871036,6765173.86839634
11,1984-08-20T18:00:02Z,497605.932739924,6765173.74282967
11,1984-08-20T18:15:01Z,497605.911635744,6765173.61742305
11,1984-08-20T18:30:00Z,497605.89055222,6765173.49213917
11,1984-08-20T18:44:58Z,497605.869484237,6765173.36694763
11,1984-08-20T18:59:57Z,497605.848431338,6765173.24184574
11,1984-08-20T19:15:04Z,497605.827192038,6765173.11563619
11,1984-08-20T19:30:02Z,497605.806171608,6765172.99072723
11,1984-08-20T19:45:01Z,497605.785168403,6765172.86592063
11,1984-08-20T20:00:00Z,497605.764183134,6765172.7412206
11,1984-08-20T20:14:58Z,497605.743216511,6765172.61663138
11,1984-08-20T20:29:57Z,497605.722269245,6765172.49215718
11,1984-08-20T20:45:04Z,497605.701140924,6765172.3666071
11,1984-08-20T21:00:02Z,497605.680234708,6765172.24237683
11,1984-08-20T21:15:01Z,497605.659349988,6765172.11827429
11,1984-08-20T21:30:00Z,497605.638488245,6765171.9943083
11,1984-08-20T21:44:58Z,497605.617654055,6765171.87050601
11,1984-08-20T22:15:04Z,497605.575890256,6765171.62233446
11,1984-08-20T22:30:02Z,497605.555171223,6765171.49921648
11,1984-08-20T22:45:01Z,497605.534501167,6765171.37638954
11,1984-08-20T23:00:00Z,497605.513885432,6765171.25388538
11,1984-08-20T23:14:58Z,497605.493329362,6765171.13173578
11,1984-08-20T23:29:57Z,497605.472838302,6765171.00997247
11,1984-08-20T23:45:04Z,497605.452221603,6765170.88746258
11,1984-08-21T00:00:02Z,497605.431877349,6765170.76657164
11,1984-08-21T00:15:01Z,497605.411702893,6765170.6461689
11,1984-08-21T00:30:00Z,497605.393172209,6765170.52647141
11,1984-08-21T00:44:58Z,497605.374712556,6765170.40723273
11,1984-08-21T00:59:57Z,497605.356322224,6765170.28844182
11,1984-08-21T01:15:04Z,497605.337823643,6765170.1689517
11,1984-08-21T01:30:02Z,497605.319567445,6765170.05102722
11,1984-08-21T02:00:00Z,497605.283245853,6765169.81641074
11,1984-08-21T02:14:58Z,497605.265177035,6765169.69969664
11,1984-08-21T02:29:57Z,497605.247167258,6765169.58336389
11,1984-08-21T02:45:04Z,497605.22904246,6765169.46628819
11,1984-08-21T03:00:02Z,497605.211146078,6765169.35068792
11,1984-08-21T03:15:01Z,497605.193303125,6765169.23543276
11,1984-08-21T03:30:00Z,497605.175511428,6765169.12050869
11,1984-08-21T03:44:58Z,497605.157768815,6765169.00590168
11,1984-08-21T03:59:57Z,497605.140073116,6765168.8915977
11,1984-08-21T04:15:04Z,497605.122252648,6765168.77648779
11,1984-08-21T04:30:02Z,497605.104644658,6765168.66275037
11,1984-08-21T04:45:01Z,497605.087077047,6765168.54927375
11,1984-08-21T05:00:00Z,497605.069547638,6765168.43604392
11,1984-08-21T05:14:58Z,497605.052054261,6765168.32304683
11,1984-08-21T05:29:57Z,497605.034594747,6765168.21026846
11,1984-08-21T05:45:04Z,497605.01699904,6765168.09661038
11,1984-08-21T06:00:02Z,497604.999597902,6765167.9842091
11,1984-08-21T06:15:01Z,497604.982218813,6765167.87195023
11,1984-08-21T06:30:00Z,497604.964856971,6765167.75980278
11,1984-08-21T06:44:58Z,497604.947507583,6765167.64773577
11,1984-08-21T06:59:57Z,497604.930165852,6765167.53571822
11,1984-08-21T07:15:04Z,497604.912660255,6765167.42264219
11,1984-08-21T07:30:02Z,497604.895319398,6765167.31063029
11,1984-08-21T07:45:01Z,497604.877971758,6765167.19857457
11,1984-08-21T08:00:00Z,497604.860612535,6765167.08644404
11,1984-08-21T08:14:58Z,497604.843239593,6765166.97422488
11,1984-08-21T08:29:57Z,497604.82586142,6765166.86197193
11,1984-08-21T08:45:04Z,497604.808322188,6765166.74867865
11,1984-08-21T09:00:02Z,497604.790967219,6765166.63657559
11,1984-08-21T09:15:01Z,497604.773640572,6765166.52465547
11,1984-08-21T09:30:00Z,497604.756353399,6765166.41299034
11,1984-08-21T09:44:58Z,497604.739116847,6765166.30165219
11,1984-08-21T09:59:57Z,497604.721942067,6765166.19071304
11,1984-08-21T10:15:04Z,497604.704676159,6765166.07918526
11,1984-08-21T10:30:02Z,497604.687659232,6765165.96926576
11,1984-08-21T10:45:01Z,497604.670735433,6765165.85994781
11,1984-08-21T11:14:58Z,497604.637165568,6765165.6431059
11,1984-08-21T11:29:57Z,497604.620515375,6765165.53555529
11,1984-08-21T12:00:02Z,497604.587316124,6765165.32110733
11,1984-08-21T16:15:04Z,497604.317765402,6765163.57996562
11,1984-08-21T16:30:02Z,497604.302466606,6765163.48114426
11,1984-08-21T16:45:01Z,497604.28721355,6765163.38261834
11,1984-08-21T17:00:00Z,497604.272004169,6765163.28437454
11,1984-08-21T17:14:58Z,497604.256836399,6765163.18639952
11,1984-08-21T17:29:57Z,497604.241708179,6765163.08867997
11,1984-08-21T17:45:04Z,497604.226471423,6765162.99025934
11,1984-08-21T18:00:02Z,497604.211408902,6765162.89296418
11,1984-08-21T18:15:01Z,497604.196366897,6765162.79580152
11,1984-08-21T18:30:00Z,497604.18133696,6765162.69871683
11,1984-08-21T18:44:58Z,497604.166310647,6765162.60165554
11,1984-08-21T18:59:57Z,497604.151279512,6765162.5045631
11,1984-08-21T19:15:04Z,497604.13609036,6765162.40644997
11,1984-08-21T19:30:02Z,497604.121023995,6765162.30912996
11,1984-08-21T19:45:01Z,497604.10592739,6765162.21161463
11,1984-08-21T20:00:00Z,497604.090792099,6765162.1138494
11,1984-08-21T20:14:58Z,497604.075609677,6765162.01577974
11,1984-08-21T20:29:57Z,497604.060374656,6765161.91737033
11,1984-08-21T20:45:04Z,497604.044946366,6765161.8177125
11,1984-08-21T21:00:02Z,497604.029628186,6765161.71876592
11,1984-08-21T21:15:01Z,497604.014282824,6765161.61964376
11,1984-08-21T21:44:58Z,497603.983548289,6765161.42111645
11,1984-08-21T21:59:57Z,497603.968177986,6765161.32183318
11,1984-08-21T22:15:04Z,497603.95267063,6765161.22166463
11,1984-08-21T22:30:02Z,497603.937331112,6765161.12258022
11,1984-08-21T22:45:01Z,497603.92202111,6765161.02368647
11,1984-08-21T23:00:00Z,497603.906750062,6765160.92504432
11,1984-08-21T23:14:58Z,497603.891526257,6765160.82670735
11,1984-08-21T23:29:57Z,497603.876353415,6765160.72869958
11,1984-08-21T23:45:04Z,497603.861089003,6765160.63010031
11,1984-08-22T00:00:02Z,497603.846026369,6765160.53280441
11,1984-08-22T00:15:01Z,497603.831022451,6765160.43588778
11,1984-08-22T00:30:00Z,497603.816079825,6765160.33936706
11,1984-08-22T00:44:58Z,497603.801201069,6765160.2432589
11,1984-08-22T00:59:57Z,497603.786388755,6765160.14757992
11,1984-08-22T01:15:04Z,497603.771504043,6765160.0514333
11,1984-08-22T01:30:02Z,497603.756833048,6765159.95666716
11,1984-08-22T01:45:01Z,497603.742235027,6765159.86237238
11,1984-08-22T02:00:00Z,497603.727706435,6765159.76852609
11,1984-08-22T02:14:58Z,497603.713242504,6765159.67509746
11,1984-08-22T02:29:57Z,497603.698838467,6765159.58205572
11,1984-08-22T02:45:04Z,497603.684351837,6765159.48848047
11,1984-08-22T03:00:02Z,497603.670053744,6765159.39612306
11,1984-08-22T03:15:01Z,497603.655801193,6765159.30405984
11,1984-08-22T03:44:58Z,497603.627413651,6765159.12069274
11,1984-08-22T03:59:57Z,497603.613269123,6765159.02932726
11,1984-08-22T04:15:04Z,497603.599015426,6765158.93725663
11,1984-08-22T04:30:02Z,497603.584919255,6765158.84620352
11,1984-08-22T04:45:01Z,497603.570840402,6765158.75526228
11,1984-08-22T05:00:00Z,497603.556776262,6765158.66441607
11,1984-08-22T05:14:58Z,497603.542724659,6765158.57365084
11,1984-08-22T05:29:57Z,497603.528683416,6765158.48295253
11,1984-08-22T05:45:04Z,497603.514515456,6765158.39143571
11,1984-08-22T06:00:02Z,497603.500488454,6765158.30082939
11,1984-08-22T06:15:01Z,497603.486465266,6765158.21024771
11,1984-08-22T06:30:00Z,497603.472443713,6765158.11967659
11,1984-08-22T06:44:58Z,497603.458421621,6765158.02910199
11,1984-08-22T06:59:57Z,497603.444396814,6765157.93850985
11,1984-08-22T07:15:04Z,497603.430232274,6765157.84701511
11,1984-08-22T07:30:02Z,497603.416196033,6765157.75634912
11,1984-08-22T07:45:01Z,497603.402151553,6765157.6656299
11,1984-08-22T08:00:00Z,497603.388097165,6765157.57484669
11,1984-08-22T08:14:58Z,497603.374031205,6765157.48398873
11,1984-08-22T08:29:57Z,497603.359952004,6765157.39304523
11,1984-08-22T08:45:04Z,497603.345722298,6765157.30112957
11,1984-08-22T09:00:02Z,497603.33161145,6765157.20998165
11,1984-08-22T09:15:01Z,497603.317482345,6765157.1187158
11,1984-08-22T09:30:00Z,497603.303333316,6765157.02732127
11,1984-08-22T09:44:58Z,497603.289163243,6765156.93579078
11,1984-08-22T09:59:57Z,497603.274973177,6765156.84413118
11,1984-08-22T10:15:04Z,497603.260628018,6765156.75146976
11,1984-08-22T10:30:02Z,497603.246402621,6765156.65958191
11,1984-08-22T10:45:01Z,497603.232162047,6765156.56759605
11,1984-08-22T11:00:00Z,497603.217907899,6765156.4755225
11,1984-08-22T11:14:58Z,497603.203641778,6765156.38337161
11,1984-08-22T11:29:57Z,497603.189365281,6765156.2911537
11,1984-08-22T11:45:04Z,497603.174942613,6765156.19799161
11,1984-08-22T12:00:02Z,497603.160650105,6765156.10567028
11,1984-08-22T12:15:01Z,497603.146353561,6765156.01332288
11,1984-08-22T12:30:00Z,497603.13206219,6765155.92100888
11,1984-08-22T12:44:58Z,497603.117786719,6765155.82879761
11,1984-08-22T12:59:57Z,497603.103537886,6765155.73675838
11,1984-08-22T13:15:04Z,497603.089189984,6765155.64407925
11,1984-08-22T13:30:02Z,497603.075027129,6765155.55259539
11,1984-08-22T13:45:01Z,497603.060923206,6765155.4614922
11,1984-08-22T14:00:00Z,497603.046888946,6765155.370839
11,1984-08-22T14:14:58Z,497603.032935081,6765155.28070511
11,1984-08-22T14:29:57Z,497603.019072345,6765155.19115986
11,1984-08-22T14:45:04Z,497603.005179682,6765155.1014213
11,1984-08-22T15:15:01Z,497602.977981676,6765154.92573791
11,1984-08-22T16:30:02Z,497602.911327414,6765154.49518994
11,1984-08-22T16:45:01Z,497602.898196817,6765154.41037389
11,1984-08-22T17:00:00Z,497602.885101877,6765154.32578815
11,1984-08-22T17:14:58Z,497602.872032975,6765154.2413706
11,1984-08-22T17:29:57Z,497602.858980491,6765154.15705911
11,1984-08-22T17:45:04Z,497602.845809369,6765154.07198128
11,1984-08-22T18:00:02Z,497602.832760792,6765153.98769502
11,1984-08-22T18:30:00Z,497602.806616425,6765153.81881753
11,1984-08-22T18:44:58Z,497602.793501397,6765153.73410204
11,1984-08-22T18:59:57Z,497602.780347189,6765153.64913346
11,1984-08-22T19:30:02Z,497602.753801777,6765153.47766547
11,1984-08-22T19:45:01Z,497602.740544878,6765153.39203357
11,1984-08-22T20:00:00Z,497602.727261125,6765153.30622821
11,1984-08-22T20:14:58Z,497602.713954145,6765153.22027281
11,1984-08-22T20:29:57Z,497602.700627561,6765153.13419079
11,1984-08-22T20:45:04Z,497602.68715664,6765153.04717644
11,1984-08-22T21:00:02Z,497602.673801626,6765152.96091077
11,1984-08-22T21:15:01Z,497602.66043792,6765152.87458897
11,1984-08-22T21:30:00Z,497602.647069146,6765152.78823443
11,1984-08-22T21:44:58Z,497602.633698139,6765152.70186545
11,1984-08-22T21:59:57Z,497602.620324555,6765152.61547984
11,1984-08-22T22:15:04Z,497602.606818611,6765152.52823925
11,1984-08-22T22:30:02Z,497602.593436419,6765152.44179803
11,1984-08-22T22:45:01Z,497602.580048233,6765152.3553181
11,1984-08-22T23:00:00Z,497602.566652921,6765152.26879214
11,1984-08-22T23:14:58Z,497602.553249347,6765152.1822128
11,1984-08-22T23:29:57Z,497602.539836377,6765152.09557278
11,1984-08-22T23:45:04Z,497602.526283747,6765152.00803064
11,1984-08-23T00:00:02Z,497602.512848461,6765151.92124645
11,1984-08-23T00:15:01Z,497602.499400362,6765151.83437951
11,1984-08-23T00:30:00Z,497602.485938622,6765151.74742447
11,1984-08-23T00:59:57Z,497602.458976162,6765151.57326256
11,1984-08-23T01:15:04Z,497602.445347014,6765151.48522616
11,1984-08-23T01:45:01Z,497602.418315685,6765151.31061941
11,1984-08-23T02:00:00Z,497602.404785187,6765151.22322022
11,1984-08-23T02:14:58Z,497602.391245753,6765151.13576332
11,1984-08-23T03:00:02Z,497602.350450565,6765150.87224999
11,1984-08-23T03:15:01Z,497602.336882487,6765150.78460807
11,1984-08-23T03:44:58Z,497602.309730994,6765150.60922513
11,1984-08-23T17:45:04Z,497601.562810497,6765145.78455087
11,1984-08-23T20:00:00Z,497601.449345402,6765145.05163199
11,1984-08-23T20:14:58Z,497601.436740014,6765144.97020849
11,1984-08-23T20:29:57Z,497601.424110005,6765144.88862594
11,1984-08-23T20:45:04Z,497601.411327391,6765144.80605763
11,1984-08-23T21:00:02Z,497601.398629519,6765144.72403674
11,1984-08-23T21:15:01Z,497601.385888735,6765144.64173865
11,1984-08-23T21:30:00Z,497601.373098961,6765144.5591241
11,1984-08-23T21:44:58Z,497601.360254116,6765144.47615384
11,1984-08-23T21:59:57Z,497601.347348125,6765144.3927886
11,1984-08-23T22:15:04Z,497601.33424982,6765144.30818113
11,1984-08-23T22:30:02Z,497601.321204712,6765144.22391728
11,1984-08-23T22:45:01Z,497601.308093026,6765144.13922338
11,1984-08-23T23:00:00Z,497601.29492155,6765144.05414326
11,1984-08-23T23:29:57Z,497601.268426363,6765143.88299968
11,1984-08-23T23:45:04Z,497601.25498807,6765143.79619608
11,1984-08-24T00:00:02Z,497601.241644997,6765143.71000755
11,1984-08-24T00:15:01Z,497601.228276122,6765143.62365235
11,1984-08-24T00:30:00Z,497601.214888232,6765143.53717432
11,1984-08-24T00:44:58Z,497601.201488109,6765143.45061729
11,1984-08-24T00:59:57Z,497601.188082543,6765143.36402509
11,1984-08-24T01:15:04Z,497601.174549458,6765143.27660919
11,1984-08-24T01:30:02Z,497601.161153719,6765143.19008046
11,1984-08-24T01:45:01Z,497601.147774459,6765143.10365819
11,1984-08-24T02:00:00Z,497601.134419973,6765143.01739592
11,1984-08-24T02:14:58Z,497601.121098546,6765142.93134721
11,1984-08-24T02:29:57Z,497601.107818471,6765142.84556561
11,1984-08-24T02:45:04Z,497601.09446109,6765142.75928466
11,1984-08-24T03:00:02Z,497601.081289186,6765142.67420179
11,1984-08-24T03:15:01Z,497601.068183586,6765142.5895472
11,1984-08-24T03:30:00Z,497601.05515258,6765142.50537443
11,1984-08-24T03:44:58Z,497601.042204458,6765142.42173705
11,1984-08-24T03:59:57Z,497601.029344679,6765142.33867033
11,1984-08-24T04:15:04Z,497601.016444897,6765142.2553452
11,1984-08-24T04:45:01Z,497600.991104237,6765142.09165919
11,1984-08-24T05:00:00Z,497600.978522736,6765142.01038998
11,1984-08-24T05:14:58Z,497600.965988865,6765141.92942842
11,1984-08-24T05:29:57Z,497600.953493931,6765141.84871838
11,1984-08-24T05:45:04Z,497600.940909507,6765141.76743027
11,1984-08-24T06:00:02Z,497600.928466533,6765141.68705587
11,1984-08-24T06:15:01Z,497600.916036334,6765141.60676398
11,1984-08-24T06:30:00Z,497600.903610219,6765141.52649846
11,1984-08-24T06:44:58Z,497600.891180428,6765141.4462092
11,1984-08-24T06:59:57Z,497600.878742947,6765141.36587028
11,1984-08-24T07:30:02Z,497600.853712698,6765141.20418933
11,1984-08-24T07:45:01Z,497600.841233495,6765141.12358091
11,1984-08-24T08:00:00Z,497600.828734258,6765141.04284307
11,1984-08-24T08:14:58Z,497600.816211904,6765140.96195591
11,1984-08-24T08:29:57Z,497600.803663359,6765140.88089956
11,1984-08-24T08:45:04Z,497600.790964445,6765140.79887193
11,1984-08-24T09:00:02Z,497600.778353945,6765140.7174154
11,1984-08-24T09:15:01Z,497600.765707985,6765140.63572981
11,1984-08-24T09:30:00Z,497600.753022851,6765140.55379119
11,1984-08-24T09:44:58Z,497600.740292311,6765140.47155927
11,1984-08-24T09:59:57Z,497600.727509501,6765140.3889897
11,1984-08-24T10:15:04Z,497600.71454376,6765140.30523852
11,1984-08-24T10:30:02Z,497600.701635138,6765140.22185629
11,1984-08-24T10:45:01Z,497600.68865358,6765140.13800294
11,1984-08-24T11:00:00Z,497600.67559222,6765140.05363411
11,1984-08-24T11:14:58Z,497600.662444193,6765139.96870546
11,1984-08-24T11:29:57Z,497600.649202632,6765139.88317264
11,1984-08-24T11:45:04Z,497600.635731873,6765139.79615933
11,1984-08-24T12:00:02Z,497600.62228158,6765139.70927823
11,1984-08-24T12:15:01Z,497600.608721813,6765139.62168997
11,1984-08-24T12:30:00Z,497600.595069315,6765139.53350273
11,1984-08-24T12:44:58Z,497600.581345552,6765139.44485516
11,1984-08-24T12:59:57Z,497600.567571994,6765139.35588595
11,1984-08-24T13:15:04Z,497600.553637331,6765139.26587608
11,1984-08-24T13:30:02Z,497600.539828623,6765139.17667983
11,1984-08-24T13:45:01Z,497600.526034735,6765139.08757928
11,1984-08-24T14:00:00Z,497600.512277127,6765138.99871309
11,1984-08-24T14:14:58Z,497600.498577273,6765138.91021996
11,1984-08-24T14:29:57Z,497600.484956641,6765138.82223856
11,1984-08-24T14:45:04Z,497600.471300907,6765138.73403042
11,1984-08-24T15:00:02Z,497600.457860661,6765138.64721421
11,1984-08-24T15:15:01Z,497600.444489828,6765138.56084636
11,1984-08-24T15:30:00Z,497600.431172838,6765138.47482631
11,1984-08-24T15:44:58Z,497600.417894127,6765138.38905352
11,1984-08-24T15:59:57Z,497600.404638129,6765138.30342745
11,1984-08-24T16:15:04Z,497600.391261871,6765138.21702456
11,1984-08-24T16:30:02Z,497600.378004445,6765138.13138926
11,1984-08-24T16:45:01Z,497600.364722883,6765138.04559805
11,1984-08-24T17:14:58Z,497600.338025089,6765137.87314575
11,1984-08-24T17:45:04Z,497600.310935514,6765137.69816277
11,1984-08-24T18:15:01Z,497600.283698103,6765137.52222485
11,1984-08-24T18:30:00Z,497600.269977649,6765137.43359865
11,1984-08-25T19:45:01Z,497598.678010073,6765127.15040917
11,1984-08-25T20:00:00Z,497598.661692679,6765127.04500825
11,1984-08-25T20:14:58Z,497598.645392022,6765126.93971543
11,1984-08-25T21:00:02Z,497598.596442532,6765126.62353005
11,1984-08-25T21:30:00Z,497598.564012684,6765126.41405199
11,1984-08-25T21:59:57Z,497598.531669434,6765126.20513331
11,1984-08-25T22:30:02Z,497598.49926451,6765125.99581625
11,1984-08-25T23:00:00Z,497598.467114575,6765125.78814627
11,1984-08-26T02:45:04Z,497598.229170576,6765124.25116571
11,1984-08-26T03:00:02Z,497598.213588132,6765124.15051213
11,1984-08-26T03:15:01Z,497598.198039426,6765124.05007649
11,1984-08-26T03:30:00Z,497598.182524909,6765123.94986169
11,1984-08-26T03:44:58Z,497598.167045028,6765123.84987061
11,1984-08-26T03:59:57Z,497598.151600232,6765123.75010616
11,1984-08-26T04:15:04Z,497598.136042975,6765123.64961529
11,1984-08-26T04:30:02Z,497598.120670039,6765123.55031501
11,1984-08-26T04:45:01Z,497598.105333532,6765123.45125005
11,1984-08-26T05:00:00Z,497598.090033908,6765123.35242333
11,1984-08-26T05:29:57Z,497598.059563606,6765123.15560281
11,1984-08-26T05:45:04Z,497598.044271245,6765123.056823
11,1984-08-26T06:00:02Z,497598.029200812,6765122.95947673
11,1984-08-26T06:15:01Z,497598.014219184,6765122.86270408
11,1984-08-26T06:30:00Z,497597.999339196,6765122.76658797
11,1984-08-26T06:44:58Z,497597.984573689,6765122.67121133
11,1984-08-26T06:59:57Z,497597.9699355,6765122.5766571
11,1984-08-26T07:15:04Z,497597.955298786,6765122.48211239
11,1984-08-26T07:30:02Z,497597.940955283,6765122.38946166
11,1984-08-26T07:45:01Z,497597.92677774,6765122.29788293
11,1984-08-26T08:00:00Z,497597.912771551,6765122.20741106
11,1984-08-26T08:14:58Z,497597.898912355,6765122.11788867
11,1984-08-26T08:29:57Z,497597.885168345,6765122.02911032
11,1984-08-26T08:45:04Z,497597.871376662,6765121.94002403
11,1984-08-26T09:00:02Z,497597.857767944,6765121.85211958
11,1984-08-26T09:15:01Z,497597.844178685,6765121.76434083
11,1984-08-26T09:30:00Z,497597.830577077,6765121.67648233
11,1984-08-26T09:44:58Z,497597.816931316,6765121.5883386
11,1984-08-26T09:59:57Z,497597.803209591,6765121.49970419
11,1984-08-26T10:15:04Z,497597.78924649,6765121.40951064
11,1984-08-26T10:30:02Z,497597.775282843,6765121.31931356
11,1984-08-26T10:45:01Z,497597.761189075,6765121.22827596
11,1984-08-26T11:00:00Z,497597.746974942,6765121.13646089
11,1984-08-26T11:14:58Z,497597.73265021,6765121.04393141
11,1984-08-26T11:29:57Z,497597.71822464,6765120.95075058
11,1984-08-26T11:45:04Z,497597.703568002,6765120.85607717
11,1984-08-26T12:00:02Z,497597.68896931,6765120.76177807
11,1984-08-26T12:15:01Z,497597.674299162,6765120.6670174
11,1984-08-26T12:30:00Z,497597.65956732,6765120.57185823
11,1984-08-26T12:44:58Z,497597.644783547,6765120.47636361
11,1984-08-26T12:59:57Z,497597.629957608,6765120.38059661
11,1984-08-26T13:15:04Z,497597.614956438,6765120.28369774
11,1984-08-26T13:30:02Z,497597.600076449,6765120.18758162
11,1984-08-26T13:45:01Z,497597.585185664,6765120.09139577
11,1984-08-26T14:14:58Z,497597.55541472,6765119.89909269
11,1984-08-26T14:29:57Z,497597.540556067,6765119.80311439
11,1984-08-26T14:45:04Z,497597.525587261,6765119.70642456
11,1984-08-26T15:00:02Z,497597.51080426,6765119.61093493
11,1984-08-26T15:15:01Z,497597.496075087,6765119.51579299
11,1984-08-26T15:30:00Z,497597.481410494,6765119.42106821
11,1984-08-26T15:44:58Z,497597.466821238,6765119.32683005
11,1984-08-26T15:59:57Z,497597.452315857,6765119.23313368
11,1984-08-26T16:15:04Z,497597.437755774,6765119.13908397
11,1984-08-26T16:30:02Z,497597.423415785,6765119.04645594
11,1984-08-26T16:45:01Z,497597.409154309,6765118.95433505
11,1984-08-26T17:00:00Z,497597.394968828,6765118.86270505
11,1984-08-26T17:14:58Z,497597.38085682,6765118.77154965
11,1984-08-26T17:29:57Z,497597.366815773,6765118.68085261
11,1984-08-26T17:45:04Z,497597.352709141,6765118.58973192
11,1984-08-26T18:00:02Z,497597.33880308,6765118.49990681
11,1984-08-26T18:15:01Z,497597.3249604,6765118.41049111
11,1984-08-26T18:44:58Z,497597.297448381,6765118.23277939
11,1984-08-26T18:59:57Z,497597.283764752,6765118.14439106
11,1984-08-26T19:15:04Z,497597.269988239,6765118.05540276
11,1984-08-26T19:30:02Z,497597.256373628,6765117.96746024
11,1984-08-26T19:45:01Z,497597.242781973,6765117.87966601
11,1984-08-26T20:14:58Z,497597.215637265,6765117.70432691
11,1984-08-26T20:45:04Z,497597.188362989,6765117.52815086
11,1984-08-26T21:00:02Z,497597.174772433,6765117.44036374
11,1984-08-26T22:15:04Z,497597.106197759,6765116.99741102
11,1984-08-26T22:30:02Z,497597.092357965,6765116.90801395
11,1984-08-26T22:45:01Z,497597.07845017,6765116.81817766
11,1984-08-26T23:00:00Z,497597.06446785,6765116.72785995
11,1984-08-26T23:14:58Z,497597.050408616,6765116.63704543
11,1984-08-26T23:29:57Z,497597.036271119,6765116.54572538
11,1984-08-26T23:45:04Z,497597.021916915,6765116.45300553
11,1984-08-27T00:00:02Z,497597.007618058,6765116.36064319
11,1984-08-27T00:15:01Z,497596.993236879,6765116.26774909
11,1984-08-27T00:30:00Z,497596.978772026,6765116.17431451
11,1984-08-27T00:44:58Z,497596.964222152,6765116.08033074
11,1984-08-27T00:59:57Z,497596.949585903,6765115.98578905
11,1984-08-27T01:15:04Z,497596.934719929,6765115.88976346
11,1984-08-27T01:30:02Z,497596.919907994,6765115.79408692
11,1984-08-27T01:45:01Z,497596.905017413,6765115.69790239
11,1984-08-27T02:00:00Z,497596.89005863,6765115.60127729
11,1984-08-27T05:29:57Z,497596.679036514,6765114.23819653
11,1984-08-27T05:45:04Z,497596.66416815,6765114.14215549
11,1984-08-27T06:00:02Z,497596.649540976,6765114.04767241
11,1984-08-27T06:15:01Z,497596.635023389,6765113.95389719
11,1984-08-27T06:30:00Z,497596.620625829,6765113.86089729
11,1984-08-27T06:44:58Z,497596.606358738,6765113.76874014
11,1984-08-27T06:59:57Z,497596.592232559,6765113.6774932
11,1984-08-27T07:45:01Z,497596.550571107,6765113.40838432
11,1984-08-27T08:14:58Z,497596.523481453,6765113.23340083
11,1984-08-27T09:15:01Z,497596.470166037,6765112.88901408
11,1984-08-27T09:30:00Z,497596.457004886,6765112.80400066
11,1984-08-27T09:44:58Z,497596.443873644,6765112.71918044
11,1984-08-27T09:59:57Z,497596.430760192,6765112.63447512
11,1984-08-27T10:15:04Z,497596.417526358,6765112.54899221
11,1984-08-27T10:30:02Z,497596.404411994,6765112.46428101
11,1984-08-27T10:45:01Z,497596.391278938,6765112.37944907
11,1984-08-27T11:00:00Z,497596.378115065,6765112.29441807
11,1984-08-27T11:14:58Z,497596.364908256,6765112.20910971
11,1984-08-27T11:29:57Z,497596.351647508,6765112.12345296
11,1984-08-27T11:45:04Z,497596.338197918,6765112.03657639
11,1984-08-27T12:00:02Z,497596.324810244,6765111.95009975
11,1984-08-27T12:15:01Z,497596.311351309,6765111.86316282
11,1984-08-27T12:30:00Z,497596.297815731,6765111.77573082
11,1984-08-27T12:44:58Z,497596.284198128,6765111.68776899
11,1984-08-27T12:59:57Z,497596.270493116,6765111.59924254
11,1984-08-27T13:15:04Z,497596.256562176,6765111.50925672
11,1984-08-27T13:45:01Z,497596.228664675,6765111.329055
11,1984-08-27T14:00:00Z,497596.214555127,6765111.2379155
11,1984-08-27T14:14:58Z,497596.200334738,6765111.14606
11,1984-08-27T14:29:57Z,497596.186015772,6765111.05356778
11,1984-08-27T15:00:02Z,497596.157005939,6765110.86618104
11,1984-08-27T15:15:01Z,497596.142485653,6765110.77238839
11,1984-08-27T15:30:00Z,497596.127930157,6765110.6783683
11,1984-08-27T15:44:58Z,497596.113355249,6765110.58422283
11,1984-08-27T15:59:57Z,497596.098776736,6765110.49005407
11,1984-08-27T16:15:04Z,497596.084070468,6765110.39506009
11,1984-08-27T16:30:02Z,497596.069532496,6765110.3011532
11,1984-08-27T16:45:01Z,497596.055038479,6765110.20753023
11,1984-08-27T17:00:00Z,497596.040601815,6765110.11427774
11,1984-08-27T17:14:58Z,497596.026226286,6765110.02142014
11,1984-08-27T17:29:57Z,497596.01191327,6765109.92896634
11,1984-08-27T17:45:04Z,497595.997527447,6765109.83604225
11,1984-08-27T18:15:01Z,497595.969227656,6765109.65324196
11,1984-08-27T18:30:00Z,497595.955179123,6765109.56249657
11,1984-08-27T18:44:58Z,497595.941200002,6765109.47219954
11,1984-08-27T18:59:57Z,497595.927291672,6765109.38235977
11,1984-08-27T19:30:02Z,497595.899560915,6765109.20323513
11,1984-08-27T20:00:00Z,497595.872263285,6765109.02690824
11,1984-08-27T20:29:57Z,497595.84525699,6765108.8524632
11,1984-08-27T21:00:02Z,497595.81832741,6765108.67851368
11,1984-08-27T21:59:57Z,497595.764918873,6765108.33352544
11,1984-08-27T22:30:02Z,497595.737970234,6765108.15945282
11,1984-08-27T23:00:00Z,497595.710932313,6765107.9848035
11,1984-08-27T23:14:58Z,497595.697298674,6765107.89673807
11,1984-08-27T23:29:57Z,497595.683570994,6765107.8080652
11,1984-08-27T23:45:04Z,497595.66960249,6765107.71783675
11,1984-08-28T00:00:02Z,497595.655645932,6765107.62768546
11,1984-08-28T00:15:01Z,497595.641555632,6765107.53667027
11,1984-08-28T00:30:00Z,497595.627318398,6765107.44470598
11,1984-08-28T00:59:57Z,497595.59839126,6765107.2578534
11,1984-08-28T01:15:04Z,497595.583589693,6765107.16224385
11,1984-08-28T01:45:01Z,497595.553962297,6765106.97086801
11,1984-08-28T02:00:00Z,497595.539031039,6765106.87442071
11,1984-08-28T02:14:58Z,497595.524044714,6765106.77761773
11,1984-08-28T02:29:57Z,497595.50902081,6765106.680572
11,1984-08-28T02:45:04Z,497595.493832113,6765106.5824618
11,1984-08-28T03:00:02Z,497595.478785554,6765106.48526975
11,1984-08-28T03:15:01Z,497595.463754035,6765106.38817482
11,1984-08-28T03:30:00Z,497595.448755034,6765106.29128995
11,1984-08-28T03:44:58Z,497595.433804032,6765106.19471513
11,1984-08-28T03:59:57Z,497595.418908484,6765106.09849851
11,1984-08-28T04:15:04Z,497595.403931514,6765106.00175595
11,1984-08-28T04:30:02Z,497595.389163891,6765105.90636565
11,1984-08-28T05:00:00Z,497595.35984967,6765105.71701274
11,1984-08-28T05:14:58Z,497595.345313972,6765105.62312054
11,1984-08-28T05:29:57Z,497595.330866483,6765105.52979813
11,1984-08-28T05:45:04Z,497595.316375111,6765105.43619224
11,1984-08-28T06:00:02Z,497595.302121372,6765105.34412134
11,1984-08-28T06:15:01Z,497595.287972249,6765105.25272619
11,1984-08-28T06:30:00Z,497595.273931906,6765105.16203369
11,1984-08-28T06:44:58Z,497595.259999372,6765105.07203758
11,1984-08-28T06:59:57Z,497595.24617239,6765104.98272329
11,1984-08-28T07:15:04Z,497595.232317245,6765104.89322706
11,1984-08-28T07:30:02Z,497595.218695567,6765104.8052389
11,1984-08-28T07:45:01Z,497595.205172654,6765104.71788871
11,1984-08-28T08:00:00Z,497595.191746251,6765104.63116192
11,1984-08-28T08:14:58Z,497595.178414104,6765104.54504395
11,1984-08-28T08:29:57Z,497595.165173954,6765104.45952025
11,1984-08-28T08:45:04Z,497595.15189753,6765104.37376223
11,1984-08-28T09:00:02Z,497595.138835441,6765104.2893887
11,1984-08-28T09:15:01Z,497595.125856877,6765104.20555468
11,1984-08-28T09:30:00Z,497595.112951142,6765104.12219111
11,1984-08-28T09:44:58Z,497595.100105863,6765104.03921803
11,1984-08-28T09:59:57Z,497595.087308657,6765103.95655548
11,1984-08-28T10:15:04Z,497595.074424573,6765103.87333176
11,1984-08-28T10:30:02Z,497595.061686545,6765103.79105146
11,1984-08-28T10:45:01Z,497595.048959334,6765103.70884105
11,1984-08-28T11:00:00Z,497595.036230564,6765103.62662055
11,1984-08-28T11:14:58Z,497595.023487855,6765103.54431002
11,1984-08-28T11:29:57Z,497595.010718826,6765103.46182948
11,1984-08-28T11:45:04Z,497594.997788462,6765103.37830682
11,1984-08-28T12:00:02Z,497594.984934223,6765103.29527587
11,1984-08-28T12:15:01Z,497594.972025112,6765103.21189048
11,1984-08-28T12:30:00Z,497594.959053082,6765103.12809867
11,1984-08-28T12:44:58Z,497594.946010085,6765103.04384845
11,1984-08-28T12:59:57Z,497594.93288807,6765102.95908784
11,1984-08-28T13:15:04Z,497594.919551534,6765102.87294153
11,1984-08-28T13:30:02Z,497594.906246391,6765102.786998
11,1984-08-28T13:45:01Z,497594.89283801,6765102.70038761
11,1984-08-28T14:00:00Z,497594.879318342,6765102.61305839
11,1984-08-28T14:14:58Z,497594.865682904,6765102.52498134
11,1984-08-28T14:29:57Z,497594.851941465,6765102.43621959
11,1984-08-28T15:00:02Z,497594.824059803,6765102.25612019
11,1984-08-28T15:44:58Z,497594.781975556,6765101.9842803
11,1984-08-28T16:15:04Z,497594.753632176,6765101.80119847
11,1984-08-28T16:30:02Z,497594.739522955,6765101.71006107
11,1984-08-28T16:45:01Z,497594.725428011,6765101.61901588
11,1984-08-28T17:00:00Z,497594.711360682,6765101.52814907
11,1984-08-28T17:14:58Z,497594.697334301,6765101.43754677
11,1984-08-28T17:29:57Z,497594.683362207,6765101.34729512
11,1984-08-28T17:45:04Z,497594.669322684,6765101.25660793
11,1984-08-28T18:15:01Z,497594.641727759,6765101.07836069
11,1984-08-28T18:30:00Z,497594.628044859,6765100.98997706
11,1984-08-28T18:44:58Z,497594.614442692,6765100.90211493
11,1984-08-28T18:59:57Z,497594.600924527,6765100.81479542
11,1984-08-28T19:15:04Z,497594.58736493,6765100.72720826
11,1984-08-28T19:30:02Z,497594.574025471,6765100.64104308
11,1984-08-28T19:45:01Z,497594.56077986,6765100.55548408
11,1984-08-28T20:00:00Z,497594.547631363,6765100.4705524
11,1984-08-28T20:14:58Z,497594.534583252,6765100.38626915
11,1984-08-28T20:29:57Z,497594.521638796,6765100.30265547
11,1984-08-28T20:45:04Z,497594.508674401,6765100.21891296
11,1984-08-28T21:00:02Z,497594.495920877,6765100.13653257
11,1984-08-28T21:15:01Z,497594.483234454,6765100.05458563
11,1984-08-28T21:30:00Z,497594.470595322,6765099.97294415
11,1984-08-28T21:44:58Z,497594.457983659,6765099.89148011
11,1984-08-28T21:59:57Z,497594.445379653,6765099.81006551
11,1984-08-28T22:15:04Z,497594.432642049,6765099.72778797
11,1984-08-28T22:30:02Z,497594.419993497,6765099.64608564
11,1984-08-28T23:00:00Z,497594.394520614,6765099.48154556
11,1984-08-28T23:29:57Z,497594.368681246,6765099.31463818
11,1984-08-28T23:45:04Z,497594.355452408,6765099.22918753
11,1984-08-29T00:00:02Z,497594.342224443,6765099.14374254
11,1984-08-29T00:15:01Z,497594.328878684,6765099.05753666
11,1984-08-29T00:30:00Z,497594.315421829,6765098.97061316
11,1984-08-29T00:44:58Z,497594.301860578,6765098.88301533
11,1984-08-29T00:59:57Z,497594.288201631,6765098.79478642
11,1984-08-29T01:15:04Z,497594.274319053,6765098.705113
11,1984-08-29T01:30:02Z,497594.260484028,6765098.61574676
11,1984-08-29T01:45:01Z,497594.24657147,6765098.52587968
11,1984-08-29T02:00:00Z,497594.232588075,6765098.43555504
11,1984-08-29T02:14:58Z,497594.218540666,6765098.3448169
11,1984-08-29T02:45:04Z,497594.190146842,6765098.16140923
11,1984-08-29T03:00:02Z,497594.175951225,6765098.06971375
11,1984-08-29T03:15:01Z,497594.161721252,6765097.97779636
11,1984-08-29T03:30:00Z,497594.147464353,6765097.88570503
11,1984-08-29T03:44:58Z,497594.133187954,6765097.79348777
11,1984-08-29T03:59:57Z,497594.118899488,6765097.70119253
11,1984-08-29T04:30:02Z,497594.090178685,6765097.51567276
11,1984-08-29T04:45:01Z,497594.07589871,6765097.42343238
11,1984-08-29T05:00:00Z,497594.061636447,6765097.33130643
11,1984-08-29T05:14:58Z,497594.047399329,6765097.23934288
11,1984-08-29T05:29:57Z,497594.03319501,6765097.1475912
11,1984-08-29T05:45:04Z,497594.018896108,6765097.05522856
11,1984-08-29T06:00:02Z,497594.004783852,6765096.96407156
11,1984-08-29T06:15:01Z,497593.990730649,6765096.87329599
11,1984-08-29T06:30:00Z,497593.976745296,6765096.78295871
11,1984-08-29T06:44:58Z,497593.962836594,6765096.69311654
11,1984-08-29T06:59:57Z,497593.949013343,6765096.60382633
11,1984-08-29T07:15:04Z,497593.935152816,6765096.51429535
11,1984-08-29T07:30:02Z,497593.921527894,6765096.42628624
11,1984-08-29T07:45:01Z,497593.908014904,6765096.33900015
11,1984-08-29T08:00:00Z,497593.894619357,6765096.25247265
11,1984-08-29T08:14:58Z,497593.881333585,6765096.16665425
11,1984-08-29T08:29:57Z,497593.868146635,6765096.08147419
11,1984-08-29T08:45:04Z,497593.854921995,6765095.99605066
11,1984-08-29T09:00:02Z,497593.841900515,6765095.91193944
11,1984-08-29T09:15:01Z,497593.828944891,6765095.8282536
11,1984-08-29T09:30:00Z,497593.816044165,6765095.74492237
11,1984-08-29T09:44:58Z,497593.803187384,6765095.66187501
11,1984-08-29T09:59:57Z,497593.790363591,6765095.57904073
11,1984-08-29T10:15:04Z,497593.777438813,6765095.49555413
11,1984-08-29T10:30:02Z,497593.764649543,6765095.41294285
11,1984-08-29T15:30:00Z,497593.506437297,6765093.74504113
11,1984-08-29T15:44:58Z,497593.493224385,6765093.65969336
11,1984-08-29T15:59:57Z,497593.479960205,6765093.57401444
11,1984-08-29T16:15:04Z,497593.4665136,6765093.48715715
11,1984-08-29T16:30:02Z,497593.453137845,6765093.40075751
11,1984-08-29T16:45:01Z,497593.439702319,6765093.31397179
11,1984-08-29T17:00:00Z,497593.426204194,6765093.22678172
11,1984-08-29T17:14:58Z,497593.412640648,6765093.13916904
11,1984-08-29T17:29:57Z,497593.399008849,6765093.05111551
11,1984-08-29T17:45:04Z,497593.385173863,6765092.96174951
11,1984-08-29T18:00:02Z,497593.371400086,6765092.87277888
11,1984-08-29T18:15:01Z,497593.357571897,6765092.78345677
11,1984-08-29T18:30:00Z,497593.34370881,6765092.69390925
11,1984-08-29T18:44:58Z,497593.329830342,6765092.60426238
11,1984-08-29T18:59:57Z,497593.315956009,6765092.51464222
11,1984-08-29T19:15:04Z,497593.301972328,6765092.42431573
11,1984-08-29T19:30:02Z,497593.288165326,6765092.33513048
11,1984-08-29T19:45:01Z,497593.274421197,6765092.24635137
11,1984-08-29T20:00:00Z,497593.26075946,6765092.15810444
11,1984-08-29T20:14:58Z,497593.247199628,6765092.07051579
11,1984-08-29T20:29:57Z,497593.23375627,6765091.98367946
11,1984-08-29T20:45:04Z,497593.220296438,6765091.89673673
11,1984-08-29T21:00:02Z,497593.207066216,6765091.81127716
11,1984-08-29T21:15:01Z,497593.193926688,6765091.72640341
11,1984-08-29T21:30:00Z,497593.180867642,6765091.64204952
11,1984-08-29T21:44:58Z,497593.167878864,6765091.55814953
11,1984-08-29T21:59:57Z,497593.154950144,6765091.47463748
11,1984-08-29T22:30:02Z,497593.129108732,6765091.30771692
11,1984-08-29T22:45:01Z,497593.116299146,6765091.2249744
11,1984-08-29T23:00:00Z,497593.10350867,6765091.14235533
11,1984-08-29T23:14:58Z,497593.090726401,6765091.05978927
11,1984-08-29T23:29:57Z,497593.077938664,6765090.97718788
11,1984-08-29T23:45:04Z,497593.065007796,6765090.89366195
11,1984-08-30T00:00:02Z,497593.052165618,6765090.8107089
11,1984-08-30T00:15:01Z,497593.039274726,6765090.72744121
11,1984-08-30T00:30:00Z,497593.026320759,6765090.64376607
11,1984-08-30T00:44:58Z,497593.013289341,6765090.55959065
11,1984-08-30T00:59:57Z,497593.000166106,6765090.47482215
11,1984-08-30T01:15:04Z,497592.986808919,6765090.38854245
11,1984-08-30T01:30:02Z,497592.973457717,6765090.30230141
11,1984-08-30T01:45:01Z,497592.959975161,6765090.2152119
11,1984-08-30T02:00:00Z,497592.946365418,6765090.12730083
11,1984-08-30T02:14:58Z,497592.932636356,6765090.03861904
11,1984-08-30T02:29:57Z,497592.918795853,6765089.9492174
11,1984-08-30T02:45:04Z,497592.904717225,6765089.8582776
11,1984-08-30T03:00:02Z,497592.89067657,6765089.7675831
11,1984-08-30T03:15:01Z,497592.876548169,6765089.67632179
11,1984-08-30T03:30:00Z,497592.862339889,6765089.58454454
11,1984-08-30T03:44:58Z,497592.848059607,6765089.49230218
11,1984-08-30T03:59:57Z,497592.833715197,6765089.39964557
11,1984-08-30T04:15:04Z,497592.819175812,6765089.30572957
11,1984-08-30T04:30:02Z,497592.804727299,6765089.21240054
11,1984-08-30T04:45:01Z,497592.790244155,6765089.1188478
11,1984-08-30T05:00:00Z,497592.775740052,6765089.02515969
11,1984-08-30T05:14:58Z,497592.761228669,6765088.93142454
11,1984-08-30T05:29:57Z,497592.746723676,6765088.83773069
11,1984-08-30T05:45:04Z,497592.732099619,6765088.74326774
11,1984-08-30T06:00:02Z,497592.717648834,6765088.64992403
11,1984-08-30T06:15:01Z,497592.703245602,6765088.55688748
11,1984-08-30T06:30:00Z,497592.688903597,6765088.46424643
11,1984-08-30T06:44:58Z,497592.674636498,6765088.37208922
11,1984-08-30T06:59:57Z,497592.660455121,6765088.28048573
11,1984-08-30T07:15:04Z,497592.646223702,6765088.188559
11,1984-08-30T07:45:01Z,497592.618274017,6765088.00802019
11,1984-08-30T17:00:00Z,497592.12494581,6765084.82140542
11,1984-08-30T17:14:58Z,497592.111393833,6765084.73386748
11,1984-08-30T17:29:57Z,497592.097783917,6765084.6459553
11,1984-08-30T17:45:04Z,497592.083980812,6765084.55679523
11,1984-08-30T18:00:02Z,497592.070243924,6765084.46806288
11,1984-08-30T18:15:01Z,497592.056438614,6765084.37888856
11,1984-08-30T18:30:00Z,497592.042561393,6765084.28924975
11,1984-08-30T18:44:58Z,497592.028613151,6765084.19915217
11,1984-08-30T18:59:57Z,497592.014612243,6765084.1087144
11,1984-08-30T19:15:04Z,497592.000446413,6765084.01721134
11,1984-08-30T19:30:02Z,497591.986408395,6765083.92653386
11,1984-08-30T19:45:01Z,497591.972386112,6765083.83595802
11,1984-08-30T20:00:00Z,497591.958402289,6765083.74563062
11,1984-08-30T20:15:59Z,497591.943545315,6765083.64966316
11,1984-08-30T20:29:57Z,497591.930640936,6765083.56630835
11,1984-08-30T20:45:04Z,497591.916777416,6765083.47675802
11,1984-08-30T21:00:02Z,497591.903176069,6765083.3889012
11,1984-08-30T21:15:01Z,497591.889727043,6765083.30202826
11,1984-08-30T21:30:00Z,497591.876444889,6765083.21623324
11,1984-08-30T21:44:58Z,497591.863311467,6765083.13139894
11,1984-08-30T21:59:57Z,497591.85030046,6765083.04735536
11,1984-08-30T22:15:04Z,497591.837261749,6765082.96313282
11,1984-08-30T22:30:02Z,497591.824417162,6765082.88016421
11,1984-08-30T22:45:01Z,497591.811615782,6765082.79747471
11,1984-08-30T23:00:00Z,497591.798831292,6765082.7148943
11,1984-08-30T23:14:58Z,497591.786037374,6765082.63225299
11,1984-08-30T23:29:57Z,497591.77320771,6765082.54938079
11,1984-08-30T23:45:04Z,497591.760191636,6765082.46530447
11,1984-08-31T00:00:02Z,497591.747215518,6765082.38148626
11,1984-08-31T00:15:01Z,497591.734154283,6765082.29711824
11,1984-08-31T00:30:00Z,497591.721011452,6765082.21222316
11,1984-08-31T00:44:58Z,497591.707790547,6765082.12682377
11,1984-08-31T00:59:57Z,497591.694495089,6765082.0409428
11,1984-08-31T01:15:04Z,497591.68099974,6765081.95377066
11,1984-08-31T01:30:02Z,497591.667565107,6765081.86699069
11,1984-08-31T01:45:01Z,497591.654066515,6765081.77979761
11,1984-08-31T02:00:00Z,497591.640507491,6765081.69221414
11,1984-08-31T02:14:58Z,497591.626891549,6765081.60426305
11,1984-08-31T02:29:57Z,497591.613220417,6765081.51595545
11,1984-08-31T02:45:04Z,497591.599356267,6765081.42640105
11,1984-08-31T03:00:02Z,497591.585555842,6765081.33725829
11,1984-08-31T03:15:01Z,497591.571680138,6765081.24762927
11,1984-08-31T03:30:00Z,497591.55772188,6765081.157467
11,1984-08-31T03:44:58Z,497591.543673797,6765081.06672451
11,1984-08-31T03:59:57Z,497591.529528614,6765080.97535482
11,1984-08-31T04:15:04Z,497591.515141517,6765080.88242249
11,1984-08-31T04:30:02Z,497591.500779209,6765080.7896503
11,1984-08-31T04:45:01Z,497591.486297915,6765080.69610951
11,1984-08-31T05:00:00Z,497591.471694686,6765080.60178109
11,1984-08-31T05:14:58Z,497591.456983881,6765080.50675782
11,1984-08-31T05:29:57Z,497591.44218419,6765080.41116037
11,1984-08-31T05:45:04Z,497591.427171038,6765080.31418409
11,1984-08-31T06:00:02Z,497591.412249226,6765080.21779781
11,1984-08-31T06:15:01Z,497591.397294765,6765080.12120065
11,1984-08-31T06:30:00Z,497591.382326343,6765080.02451331
11,1984-08-31T06:44:58Z,497591.367362651,6765079.92785651
11,1984-08-31T06:59:57Z,497591.352422372,6765079.83135095
11,1984-08-31T07:15:04Z,497591.337381208,6765079.73419374
11,1984-08-31T07:30:02Z,497591.322544496,6765079.63835716
11,1984-08-31T07:45:01Z,497591.307784648,6765079.54301709
11,1984-08-31T08:00:00Z,497591.293106374,6765079.44820392
11,1984-08-31T08:14:58Z,497591.278511589,6765079.35393006
11,1984-08-31T08:29:57Z,497591.26400221,6765079.26020787
11,1984-08-31T08:45:04Z,497591.249441909,6765079.16615675
11,1984-08-31T09:00:02Z,497591.235109958,6765079.07358063
11,1984-08-31T09:15:01Z,497591.220869177,6765078.98159343
11,1984-08-31T09:44:58Z,497591.192668794,6765078.79943527
11,1984-08-31T09:59:57Z,497591.178713024,6765078.70928907
11,1984-08-31T10:15:04Z,497591.164723336,6765078.61892378
11,1984-08-31T10:30:02Z,497591.150966216,6765078.53006075
11,1984-08-31T10:45:01Z,497591.137300295,6765078.44178679
11,1984-08-31T11:00:00Z,497591.123715997,6765078.35404009
11,1984-08-31T11:14:58Z,497591.110203751,6765078.26675881
11,1984-08-31T11:29:57Z,497591.096753984,6765078.1798811
11,1984-08-31T11:45:04Z,497591.083228535,6765078.09251452
11,1984-08-31T12:00:02Z,497591.06987538,6765078.00626086
11,1984-08-31T12:15:01Z,497591.056555892,6765077.92022468
11,1984-08-31T12:30:00Z,497591.0432605,6765077.83434414
11,1984-08-31T12:44:58Z,497591.029979632,6765077.74855741
11,1984-08-31T12:59:57Z,497591.016704094,6765077.66280511
11,1984-08-31T13:15:04Z,497591.003298515,6765077.57621283
11,1984-08-31T13:30:02Z,497590.990010898,6765077.49038251
11,1984-08-31T13:45:01Z,497590.976706309,6765077.40444257
11,1984-08-31T14:00:00Z,497590.963377468,6765077.31834597
11,1984-08-31T14:14:58Z,497590.950017091,6765077.23204566
11,1984-08-31T14:29:57Z,497590.936617893,6765077.14549459
11,1984-08-31T14:45:04Z,497590.923043062,6765077.05780904
11,1984-08-31T15:00:02Z,497590.909543826,6765076.97061178
11,1984-08-31T15:15:01Z,497590.895983847,6765076.88302217
11,1984-08-31T15:30:00Z,497590.882355844,6765076.79499315
11,1984-08-31T15:44:58Z,497590.868654161,6765076.70648821
11,1984-08-31T15:59:57Z,497590.854879647,6765076.61751281
11,1984-08-31T16:15:04Z,497590.840901321,6765076.52722092
11,1984-08-31T16:30:02Z,497590.826987937,6765076.43734851
11,1984-08-31T16:45:01Z,497590.813009179,6765076.34705382
11,1984-08-31T17:00:00Z,497590.798967524,6765076.25635285
11,1984-08-31T17:14:58Z,497590.784865448,6765076.1652616
11,1984-08-31T17:29:57Z,497590.770705433,6765076.07379609
11,1984-08-31T17:45:04Z,497590.756353002,6765075.9810877
11,1984-08-31T18:00:02Z,497590.742084039,6765075.88891844
11,1984-08-31T18:15:01Z,497590.727766238,6765075.79643373
11,1984-08-31T18:30:00Z,497590.713410322,6765075.70370283
11,1984-08-31T18:44:58Z,497590.699028665,6765075.61080564
11,1984-08-31T18:59:57Z,497590.684633637,6765075.51782208
11,1984-08-31T19:15:04Z,497590.670099221,6765075.42393818
11,1984-08-31T19:30:02Z,497590.655714736,6765075.33102272
11,1984-08-31T19:45:01Z,497590.641354113,6765075.2382614
11,1984-08-31T20:00:00Z,497590.627029727,6765075.14573416
11,1984-08-31T20:14:58Z,497590.612753948,6765075.05352088
11,1984-08-31T20:29:57Z,497590.598539149,6765074.9617015
11,1984-08-31T20:45:04Z,497590.584258928,6765074.86945954
11,1984-08-31T21:01:03Z,497590.569236867,6765074.77242571
11,1984-08-31T21:15:01Z,497590.556166044,6765074.68799577
11,1984-08-31T21:30:00Z,497590.542204533,6765074.59781248
11,1984-08-31T21:44:58Z,497590.528291305,6765074.50794108
11,1984-08-31T21:59:57Z,497590.514420108,6765074.41834117
11,1984-08-31T22:15:04Z,497590.500451812,6765074.32811406
11,1984-08-31T22:30:02Z,497590.486646175,6765074.23893764
11,1984-08-31T22:45:01Z,497590.472863753,6765074.14991117
11,1984-08-31T23:00:00Z,497590.459098294,6765074.06099426
11,1984-08-31T23:14:58Z,497590.44534314,6765073.97214393
11,1984-08-31T23:29:57Z,497590.431590031,6765073.88330681
11,1984-08-31T23:45:04Z,497590.417697938,6765073.79357192
11,1984-09-01T00:00:02Z,497590.403922736,6765073.70459208
11,1984-09-01T00:15:01Z,497590.3901235,6765073.615457
11,1984-09-01T00:30:00Z,497590.376291566,6765073.52611071
11,1984-09-01T00:44:58Z,497590.362418269,6765073.43649723
11,1984-09-01T00:59:57Z,497590.348494942,6765073.3465606
11,1984-09-01T01:15:04Z,497590.334378167,6765073.25537439
11,1984-09-01T01:30:02Z,497590.320328096,6765073.16461908
11,1984-09-01T01:45:01Z,497590.30620192,6765073.07337214
11,1984-09-01T02:00:00Z,497590.291993135,6765072.98159161
11,1984-09-01T02:14:58Z,497590.277703907,6765072.88929148
11,1984-09-01T02:29:57Z,497590.263338572,6765072.79649971
11,1984-09-01T02:45:04Z,497590.248762306,6765072.70234546
11,1984-09-01T03:00:02Z,497590.234257115,6765072.60865034
11,1984-09-01T03:15:01Z,497590.219688856,6765072.5145478
11,1984-09-01T03:30:00Z,497590.205061855,6765072.42006584
11,1984-09-01T03:44:58Z,497590.190380444,6765072.32523243
11,1984-09-01T03:59:57Z,497590.17564896,6765072.23007556
11,1984-09-01T04:30:02Z,497590.145910417,6765072.03798178
11,1984-09-01T04:45:01Z,497590.131053956,6765071.94201763
11,1984-09-01T05:00:00Z,497590.116162349,6765071.84582646
11,1984-09-01T05:14:58Z,497590.101237488,6765071.74942049
11,1984-09-01T05:29:57Z,497590.086281266,6765071.65281196
11,1984-09-01T05:45:04Z,497590.071151345,6765071.55508142
11,1984-09-01T06:00:02Z,497590.056137822,6765071.45810275
11,1984-09-01T06:15:01Z,497590.041098632,6765071.36095829
11,1984-09-01T06:30:00Z,497590.02603567,6765071.26366026
11,1984-09-01T06:44:58Z,497590.010950824,6765071.16622089
11,1984-09-01T06:59:57Z,497589.995845991,6765071.0686524
11,1984-09-01T07:15:04Z,497589.980578906,6765070.97003586
11,1984-09-01T07:30:02Z,497589.965448847,6765070.87230444
11,1984-09-01T07:45:01Z,497589.95032019,6765070.77458207
11,1984-09-01T08:00:00Z,497589.935202635,6765070.67693141
11,1984-09-01T08:14:58Z,497589.920105884,6765070.57941514
11,1984-09-01T08:29:57Z,497589.905039642,6765070.48209592
11,1984-09-01T08:45:04Z,497589.889869352,6765070.38410464
11,1984-09-01T09:01:03Z,497589.873887822,6765070.28087319
11,1984-09-01T09:15:01Z,497589.859977871,6765070.19102295
11,1984-09-01T09:30:00Z,497589.845131395,6765070.0951233
11,1984-09-01T09:44:58Z,497589.830364031,6765069.99973468
11,1984-09-01T09:59:57Z,497589.815683659,6765069.90490797
11,1984-09-01T10:15:04Z,497589.80095096,6765069.80974326
11,1984-09-01T10:30:02Z,497589.786445298,6765069.71604508
11,1984-09-01T10:45:01Z,497589.772024694,6765069.62289632
11,1984-09-01T11:00:00Z,497589.757687901,6765069.53028893
11,1984-09-01T11:14:58Z,497589.743433667,6765069.43821483
11,1984-09-01T11:29:57Z,497589.729260746,6765069.34666596
11,1984-09-01T11:45:04Z,497589.715032766,6765069.25476143
11,1984-09-01T12:00:02Z,497589.701019473,6765069.16424368
11,1984-09-01T12:15:01Z,497589.687083736,6765069.07422687
11,1984-09-01T12:30:00Z,497589.67322255,6765068.98469164
11,1984-09-01T12:44:58Z,497589.65942591,6765068.89557332
11,1984-09-01T12:59:57Z,497589.645682051,6765068.80679593
11,1984-09-01T13:15:04Z,497589.631847611,6765068.71743347
11,1984-09-01T13:30:02Z,497589.618174252,6765068.62911148
11,1984-09-01T13:45:01Z,497589.604518275,6765068.54090176
11,1984-09-01T14:00:00Z,497589.590867916,6765068.45272834
11,1984-09-01T14:14:58Z,497589.577211412,6765068.36451524
11,1984-09-01T14:29:57Z,497589.563537006,6765068.27618648
11,1984-09-01T14:45:04Z,497589.549700978,6765068.18681374
11,1984-09-01T15:00:02Z,497589.535956417,6765068.09803183
11,1984-09-01T15:15:01Z,497589.522166956,6765068.00895989
11,1984-09-01T15:30:00Z,497589.508329242,6765067.91957627
11,1984-09-01T15:44:58Z,497589.494439921,6765067.82985928
11,1984-09-01T16:00:57Z,497589.479555021,6765067.73371145
11,1984-09-01T16:15:04Z,497589.466358102,6765067.64846698
11,1984-09-01T16:30:02Z,497589.452293219,6765067.55761598
11,1984-09-01T16:45:01Z,497589.438163281,6765067.46634474
11,1984-09-01T17:00:00Z,497589.423964926,6765067.3746316
11,1984-09-01T17:14:58Z,497589.409694806,6765067.28245487
11,1984-09-01T17:29:57Z,497589.395349561,6765067.1897929
11,1984-09-01T17:45:04Z,497589.380789326,6765067.0957422
11,1984-09-01T18:00:02Z,497589.366300641,6765067.00215368
11,1984-09-01T18:15:01Z,497589.351756805,6765066.90820891
11,1984-09-01T18:30:00Z,497589.337169424,6765066.81398286
11,1984-09-01T18:59:57Z,497589.307910451,6765066.62498683
11,1984-09-01T19:15:04Z,497589.293121223,6765066.52945697
11,1984-09-01T19:30:02Z,497589.278475815,6765066.43485611
11,1984-09-01T19:45:01Z,497589.263845009,6765066.34034957
11,1984-09-01T20:00:00Z,497589.249240415,6765066.24601234
11,1984-09-01T20:14:58Z,497589.234673638,6765066.15191939
11,1984-09-01T20:29:57Z,497589.220153525,6765066.05812786
11,1984-09-01T20:45:04Z,497589.205538891,6765065.96372579
11,1984-09-01T21:00:02Z,497589.191103115,6765065.87047901
11,1984-09-01T21:15:01Z,497589.176701841,6765065.77745512
11,1984-09-01T21:30:00Z,497589.162330114,6765065.68462208
11,1984-09-01T21:44:58Z,497589.147982974,6765065.59194786
11,1984-09-01T21:59:57Z,497589.133655466,6765065.49940045
11,1984-09-01T22:15:56Z,497589.11837967,6765065.40072765
11,1984-09-01T22:31:03Z,497589.103939528,6765065.30745268
11,1984-09-01T22:45:01Z,497589.090603664,6765065.22131072
11,1984-09-01T23:00:00Z,497589.076305297,6765065.12895154
11,1984-09-01T23:14:58Z,497589.062003096,6765065.03656759
11,1984-09-01T23:29:57Z,497589.047693476,6765064.94413572
11,1984-09-01T23:45:04Z,497589.033235086,6765064.85074289
11,1984-09-02T00:00:02Z,497589.018899714,6765064.75814468
11,1984-09-02T00:15:01Z,497589.004546133,6765064.66542885
11,1984-09-02T00:30:00Z,497588.990170759,6765064.57257225
11,1984-09-02T00:44:58Z,497588.975770004,6765064.47955171
11,1984-09-02T00:59:57Z,497588.961340288,6765064.38634409
11,1984-09-02T01:15:04Z,497588.946738793,6765064.29202688
11,1984-09-02T01:30:02Z,497588.93224087,6765064.19837869
11,1984-09-02T01:45:01Z,497588.917708234,6765064.10450627
11,1984-09-02T02:01:00Z,497588.902160786,6765064.00407875
11,1984-09-02T02:29:57Z,497588.873916602,6765063.82163766
11,1984-09-02T02:45:04Z,497588.859118598,6765063.72605112
11,1984-09-02T03:00:02Z,497588.844433968,6765063.63119691
11,1984-09-02T03:15:01Z,497588.829723371,6765063.53617496
11,1984-09-02T03:30:00Z,497588.814988262,6765063.44099468
11,1984-09-02T03:44:58Z,497588.800230096,6765063.34566546
11,1984-09-02T03:59:57Z,497588.785450327,6765063.25019671
11,1984-09-02T04:15:04Z,497588.77050801,6765063.15367799
11,1984-09-02T04:30:02Z,497588.755687346,6765063.05794508
11,1984-09-02T04:45:01Z,497588.740838153,6765062.96202787
11,1984-09-02T05:00:00Z,497588.725950574,6765062.86586273
11,1984-09-02T05:14:58Z,497588.71101476,6765062.76938602
11,1984-09-02T05:29:57Z,497588.696020858,6765062.67253408
11,1984-09-02T05:45:04Z,497588.680813826,6765062.57430545
11,1984-09-02T06:00:02Z,497588.665673389,6765062.47650699
11,1984-09-02T06:15:01Z,497588.650445209,6765062.37814175
11,1984-09-02T06:30:00Z,497588.635119431,6765062.2791461
11,1984-09-02T06:44:58Z,497588.619686203,6765062.17945637
11,1984-09-02T06:59:57Z,497588.604140201,6765062.0790382
11,1984-09-02T07:15:04Z,497588.588343358,6765061.97699972
11,1984-09-02T07:30:02Z,497588.572614034,6765061.8753974
11,1984-09-02T07:45:01Z,497588.556819572,6765061.77337431
11,1984-09-02T08:00:00Z,497588.540977305,6765061.67104243
11,1984-09-02T08:14:58Z,497588.525104564,6765061.56851371
11,1984-09-02T08:29:57Z,497588.509218686,6765061.46590013
11,1984-09-02T08:45:04Z,497588.49318437,6765061.36232773
11,1984-09-02T09:00:02Z,497588.477324509,6765061.25988219
11,1984-09-02T09:15:01Z,497588.461503676,6765061.15768877
11,1984-09-02T09:30:00Z,497588.445736286,6765061.05584056
11,1984-09-02T09:44:58Z,497588.430025061,6765060.95435513
11,1984-09-02T09:59:57Z,497588.414369801,6765060.85323121
11,1984-09-02T10:15:04Z,497588.398620581,6765060.75150035
11,1984-09-02T10:30:02Z,497588.383077183,6765060.65109899
11,1984-09-02T10:45:01Z,497588.367589147,6765060.55105524
11,1984-09-02T11:00:00Z,497588.352156272,6765060.45136781
11,1984-09-02T11:14:58Z,497588.336778361,6765060.35203539
11,1984-09-02T11:29:57Z,497588.321455211,6765060.25305671
11,1984-09-02T11:45:04Z,497588.306040074,6765060.15348384
11,1984-09-02T12:00:02Z,497588.29082637,6765060.05521211
11,1984-09-02T12:15:01Z,497588.275667061,6765059.95729175
11,1984-09-02T12:30:00Z,497588.260563136,6765059.85972913
11,1984-09-02T12:44:58Z,497588.245515815,6765059.76253215
11,1984-09-02T12:59:57Z,497588.230526325,6765059.66570871
11,1984-09-02T13:15:04Z,497588.215452613,6765059.56834126
11,1984-09-02T13:30:02Z,497588.200583034,6765059.47229238
11,1984-09-02T13:45:01Z,497588.185774964,6765059.37664082
11,1984-09-02T14:00:00Z,497588.171029629,6765059.28139448
11,1984-09-02T14:14:58Z,497588.156348248,6765059.18656126
11,1984-09-02T14:29:57Z,497588.141732048,6765059.09214905
11,1984-09-02T14:45:04Z,497588.127040688,6765058.99725138
11,1984-09-02T15:00:02Z,497588.112545507,6765058.90362089
11,1984-09-02T15:15:01Z,497588.098095936,6765058.81028502
11,1984-09-02T15:30:00Z,497588.083681631,6765058.71717695
11,1984-09-02T15:44:58Z,497588.069292245,6765058.62422984
11,1984-09-02T15:59:57Z,497588.054917433,6765058.53137687
11,1984-09-02T16:15:04Z,497588.040408654,6765058.43765856
11,1984-09-02T16:30:02Z,497588.02603184,6765058.34479265
11,1984-09-02T16:45:01Z,497588.011638461,6765058.25181975
11,1984-09-02T17:00:00Z,497587.997218168,6765058.158673
11,1984-09-02T17:14:58Z,497587.982763016,6765058.06530109
11,1984-09-02T17:29:57Z,497587.968274655,6765057.97171465
11,1984-09-02T17:45:04Z,497587.953617413,6765057.87703735
11,1984-09-02T18:00:02Z,497587.939074558,6765057.78309892
11,1984-09-02T18:15:01Z,497587.92451068,6765057.6890247
11,1984-09-02T18:30:00Z,497587.909929827,6765057.59484082
11,1984-09-02T18:44:58Z,497587.895336049,6765057.50057346
11,1984-09-02T18:59:57Z,497587.880733396,6765057.40624877
11,1984-09-02T19:15:04Z,497587.86598545,6765057.31098557
11,1984-09-02T19:30:02Z,497587.851377206,6765057.21662476
11,1984-09-02T19:45:01Z,497587.836771398,6765057.1222797
11,1984-09-02T20:00:00Z,497587.822167703,6765057.02794828
11,1984-09-02T20:14:58Z,497587.807564922,6765056.93362277
11,1984-09-02T20:29:57Z,497587.792961858,6765056.83929541
11,1984-09-02T20:45:04Z,497587.77821687,6765056.74405133
11,1984-09-02T21:00:02Z,497587.763609608,6765056.64969687
11,1984-09-02T21:15:01Z,497587.748998454,6765056.55531727
11,1984-09-02T21:30:00Z,497587.734382211,6765056.46090479
11,1984-09-02T21:44:58Z,497587.719759677,6765056.36645169
11,1984-09-02T21:59:57Z,497587.705129656,6765056.27195021
11,1984-09-02T22:15:04Z,497587.690350146,6765056.17648312
11,1984-09-02T22:30:02Z,497587.675702451,6765056.08186749
11,1984-09-02T23:00:00Z,497587.646396577,6765055.8925685
11,1984-09-02T23:14:58Z,497587.631747999,6765055.79794717
11,1984-09-02T23:29:57Z,497587.617108733,6765055.70338596
11,1984-09-02T23:45:04Z,497587.602343033,6765055.60800809
11,1984-09-03T00:00:02Z,497587.587736991,6765055.51366152
11,1984-09-03T00:15:01Z,497587.57315471,6765055.41946842
11,1984-09-03T00:30:00Z,497587.558600992,6765055.32545982
11,1984-09-03T00:44:58Z,497587.544080638,6765055.23166673
11,1984-09-03T00:59:57Z,497587.529598448,6765055.13812016
11,1984-09-03T01:15:04Z,497587.515019305,6765055.04394733
11,1984-09-03T01:45:01Z,497587.486256704,6765054.85815758
11,1984-09-03T02:00:00Z,497587.471928577,6765054.76560616
11,1984-09-03T02:14:58Z,497587.457632152,6765054.67325953
11,1984-09-03T02:29:57Z,497587.443364619,6765054.58109952
11,1984-09-03T02:45:04Z,497587.42898635,6765054.48822422
11,1984-09-03T03:00:02Z,497587.414768384,6765054.39638438
11,1984-09-03T03:15:01Z,497587.400570854,6765054.30467655
11,1984-09-03T03:30:00Z,497587.386390951,6765054.21308258
11,1984-09-03T03:44:58Z,497587.372225866,6765054.12158433
11,1984-09-03T03:59:57Z,497587.358072149,6765054.03015952
11,1984-09-03T04:15:04Z,497587.343787774,6765053.9378907
11,1984-09-03T04:30:02Z,497587.329638132,6765053.8464922
11,1984-09-03T05:00:00Z,497587.301308354,6765053.66349824
11,1984-09-03T05:14:58Z,497587.287114954,6765053.57181709
11,1984-09-03T05:29:57Z,497587.272893703,6765053.47995604
11,1984-09-03T06:30:00Z,497587.215458795,6765053.10895974
11,1984-09-03T06:44:58Z,497587.200998174,6765053.01555252
11,1984-09-03T06:59:57Z,497587.186469844,6765052.9217079
11,1984-09-03T07:15:04Z,497587.171726374,6765052.82647362
11,1984-09-03T07:30:02Z,497587.157041908,6765052.73162046
11,1984-09-03T07:45:01Z,497587.142273116,6765052.63622261
11,1984-09-03T08:00:00Z,497587.127430122,6765052.54034546
11,1984-09-03T08:14:58Z,497587.112526399,6765052.44407602
11,1984-09-03T08:29:57Z,497587.097575418,6765052.34750134
11,1984-09-03T08:45:04Z,497587.082446451,6765052.24977696
11,1984-09-03T09:00:02Z,497587.067441248,6765052.15285204
11,1984-09-03T09:15:01Z,497587.05242934,6765052.05588379
11,1984-09-03T09:30:00Z,497587.037424198,6765051.95895927
11,1984-09-03T09:45:59Z,497587.021431762,6765051.85565738
11,1984-09-03T09:59:57Z,497587.007488117,6765051.7655895
11,1984-09-03T10:15:04Z,497586.992438722,6765051.66837912
11,1984-09-03T10:30:02Z,497586.977579735,6765051.57239865
11,1984-09-03T10:45:01Z,497586.962767266,6765051.47671868
11,1984-09-03T11:00:00Z,497586.948000982,6765051.38133702
11,1984-09-03T11:14:58Z,497586.933280549,6765051.28625154
11,1984-09-03T11:29:57Z,497586.918605633,6765051.19146008
11,1984-09-03T11:45:04Z,497586.903835448,6765051.09605322
11,1984-09-03T12:00:02Z,497586.889250991,6765051.00184608
11,1984-09-03T12:15:01Z,497586.874711047,6765050.90792645
11,1984-09-03T12:30:00Z,497586.860215279,6765050.81429218
11,1984-09-03T12:44:58Z,497586.845763921,6765050.72094476
11,1984-09-03T12:59:57Z,497586.831359462,6765050.62790029
11,1984-09-03T13:15:04Z,497586.816867191,6765050.5342886
11,1984-09-03T13:30:02Z,497586.802566232,6765050.44191268
11,1984-09-03T13:45:01Z,497586.788321377,6765050.34989916
11,1984-09-03T14:00:00Z,497586.774135684,6765050.25826779
11,1984-09-03T14:14:58Z,497586.760012212,6765050.16703833
11,1984-09-03T14:29:57Z,497586.745954016,6765050.07623052
11,1984-09-03T14:45:04Z,497586.731829981,6765049.98499743
11,1984-09-03T15:00:02Z,497586.717912218,6765049.89509673
11,1984-09-03T15:15:01Z,497586.704068935,6765049.80567713
11,1984-09-03T15:30:00Z,497586.690300017,6765049.71673789
11,1984-09-03T15:44:58Z,497586.676592643,6765049.62819618
11,1984-09-03T15:59:57Z,497586.662930815,6765049.53994868
11,1984-09-03T16:15:04Z,497586.649167548,6765049.45104594
11,1984-09-03T16:30:02Z,497586.635548875,6765049.36307719
11,1984-09-03T16:45:01Z,497586.621927603,6765049.27509165
11,1984-09-03T17:00:00Z,497586.608287735,6765049.186986
11,1984-09-03T17:14:58Z,497586.594613276,6765049.09865689
11,1984-09-03T17:29:57Z,497586.580888223,6765049.010001
11,1984-09-03T17:45:04Z,497586.566963595,6765048.92005596
11,1984-09-03T18:00:02Z,497586.553091657,6765048.83045126
11,1984-09-03T18:44:58Z,497586.511009112,6765048.55862237
11,1984-09-03T18:59:57Z,497586.496835924,6765048.46707178
11,1984-09-03T19:15:04Z,497586.482457599,6765048.37419612
11,1984-09-03T19:30:02Z,497586.468151007,6765048.28178381
11,1984-09-03T19:45:01Z,497586.453782501,6765048.18897158
11,1984-09-03T20:14:58Z,497586.42487164,6765048.00222414
11,1984-09-03T20:29:57Z,497586.410335228,6765047.90832733
11,1984-09-03T20:45:04Z,497586.395608301,6765047.8131999
11,1984-09-03T21:00:02Z,497586.380974372,6765047.71867318
11,1984-09-03T21:15:01Z,497586.366296453,6765047.62386232
11,1984-09-03T22:45:01Z,497586.277349343,6765047.04931545
11,1984-09-03T23:00:00Z,497586.262457184,6765046.95312072
11,1984-09-03T23:14:58Z,497586.247547951,6765046.8568157
11,1984-09-03T23:29:57Z,497586.232625013,6765046.76042215
11,1984-09-03T23:45:04Z,497586.21754811,6765046.66303409
11,1984-09-04T00:00:02Z,497586.202607818,6765046.56652844
11,1984-09-04T00:15:01Z,497586.187663958,6765046.46999976
11,1984-09-04T00:30:00Z,497586.172719903,6765046.37346981
11,1984-09-04T00:44:58Z,497586.157779019,6765046.27696034
11,1984-09-04T00:59:57Z,497586.142844413,6765046.18049143
11,1984-09-04T01:15:04Z,497586.127774674,6765046.08314962
11,1984-09-04T01:30:02Z,497586.112858655,6765045.98680077
11,1984-09-04T01:45:01Z,497586.097954595,6765045.89052917
11,1984-09-04T02:45:04Z,497586.038351363,6765045.50552678
11,1984-09-04T03:00:02Z,497586.023534307,6765045.40981717
11,1984-09-04T03:15:01Z,497586.008740028,6765045.31425469
11,1984-09-04T03:30:00Z,497585.993970328,6765045.21885097
11,1984-09-04T03:44:58Z,497585.979227004,6765045.12361762
11,1984-09-04T03:59:57Z,497585.964511859,6765045.02856629
11,1984-09-04T04:15:04Z,497585.949685639,6765044.9327975
11,1984-09-04T04:30:02Z,497585.935030019,6765044.83813067
11,1984-09-04T04:45:01Z,497585.920392723,6765044.74358221
11,1984-09-04T05:00:00Z,497585.905760279,6765044.64906508
11,1984-09-04T05:14:58Z,497585.891119211,6765044.55449227
11,1984-09-04T05:29:57Z,497585.876456052,6765044.45977673
11,1984-09-04T05:45:04Z,497585.861615775,6765044.36391712
11,1984-09-04T06:00:02Z,497585.846867469,6765044.26865161
11,1984-09-04T06:15:01Z,497585.832056522,6765044.17298146
11,1984-09-04T06:30:00Z,497585.817169457,6765044.07681963
11,1984-09-04T06:44:58Z,497585.802192803,6765043.98007911
11,1984-09-04T06:59:57Z,497585.787117429,6765043.88270092
11,1984-09-04T07:15:04Z,497585.771805356,6765043.78379378
11,1984-09-04T07:30:02Z,497585.75656093,6765043.68532361
11,1984-09-04T07:45:01Z,497585.741251325,6765043.58643243
11,1984-09-04T08:00:00Z,497585.725889133,6765043.48720154
11,1984-09-04T08:14:58Z,497585.710486937,6765043.38771228
11,1984-09-04T08:29:57Z,497585.695057328,6765043.28804594
11,1984-09-04T08:45:04Z,497585.679464362,6765043.18732439
11,1984-09-04T09:00:02Z,497585.664017732,6765043.0875481
11,1984-09-04T09:15:01Z,497585.64858158,6765042.98783948
11,1984-09-04T09:44:58Z,497585.617775271,6765042.78884855
11,1984-09-04T15:00:02Z,497585.300826407,6765040.74154226
11,1984-09-04T15:15:01Z,497585.286150841,6765040.6467466
11,1984-09-04T15:30:00Z,497585.27151641,6765040.55221664
11,1984-09-04T15:44:58Z,497585.256923862,6765040.45795723
11,1984-09-04T16:15:04Z,497585.227728161,6765040.26936989
11,1984-09-04T16:30:02Z,497585.213266209,6765040.17595405
11,1984-09-04T16:45:01Z,497585.198849157,6765040.08282823
