marker,sequence,t,value
1,2,1985-08-06T14:43:20Z,9.28946395563771
1,1,1985-08-06T14:45:22Z,9.2184842883549
1,4,1985-08-06T14:51:20Z,9.51127541589649
1,3,1985-08-06T15:07:43Z,9.44029574861368
1,6,1985-08-06T15:27:08Z,9.6354898336414
1,5,1985-08-06T15:28:58Z,9.57116451016636
1,7,1985-08-06T15:44:21Z,9.78410351201479
1,7,1985-08-06T15:45:41Z,9.73752310536044
1,7,1985-08-06T16:46:45Z,9.8550831792976
1,7,1985-08-06T19:17:37Z,9.83733826247689
1,8,1985-08-06T22:41:44Z,9.83512014787431
1,8,1985-08-07T01:12:31Z,9.81959334565619
1,8,1985-08-07T02:05:01Z,9.86173752310536
1,8,1985-08-07T02:46:23Z,9.91719038817006
1,8,1985-08-07T02:55:51Z,9.96155268022181
1,8,1985-08-07T03:26:56Z,10.0014787430684
1,9,1985-08-07T05:08:17Z,10.2121996303142
1,9,1985-08-07T05:39:10Z,10.2587800369686
1,9,1985-08-07T06:42:16Z,10.3053604436229
1,9,1985-08-07T07:24:17Z,10.3386321626617
1,9,1985-08-07T08:28:24Z,10.3497227356747
1,9,1985-08-07T08:50:27Z,10.3297597042514
1,9,1985-08-07T09:13:16Z,10.283179297597
1,9,1985-08-07T09:25:50Z,10.218853974122
1,9,1985-08-07T09:38:21Z,10.1567467652495
1,9,1985-08-07T09:50:26Z,10.1101663585952
1,10,1985-08-07T10:35:33Z,10.0347504621072
1,11,1985-08-07T11:09:25Z,9.97707948243993
1,12,1985-08-07T14:21:27Z,9.64658040665434
1,12,1985-08-07T15:15:36Z,9.63105360443623
1,12,1985-08-07T15:47:03Z,9.65767097966728
1,12,1985-08-07T16:49:27Z,9.72865064695009
1,12,1985-08-07T17:31:01Z,9.77744916820702
1,12,1985-08-07T17:53:54Z,9.85140927171904
1,13,1985-08-07T18:07:11Z,9.88540888724584
1,13,1985-08-07T18:41:17Z,9.94604326802218
1,13,1985-08-07T18:47:47Z,9.96822441404806
1,13,1985-08-07T18:54:29Z,9.98596933086876
1,14,1985-08-07T19:56:05Z,10.0850392014787
1,14,1985-08-07T20:53:11Z,10.0894754306839
1,14,1985-08-07T21:22:35Z,10.0643482735675
1,14,1985-08-07T21:45:38Z,10.0096233049908
1,14,1985-08-07T21:47:10Z,9.95638855452865
1,15,1985-08-07T22:10:25Z,9.89428134565619
1,15,1985-08-07T22:11:18Z,9.86322774121996
1,15,1985-08-07T22:41:01Z,9.82479189648798
1,16,1985-08-07T23:10:51Z,9.78190278743068
1,16,1985-08-07T23:11:57Z,9.74344955268022
1,16,1985-08-07T23:34:22Z,9.71092312014787
1,17,1985-08-08T00:04:12Z,9.67099705730129
1,17,1985-08-08T00:19:16Z,9.64290649907579
1,17,1985-08-08T00:34:28Z,9.61332607763401
1,17,1985-08-08T01:04:13Z,9.57340001478743
1,17,1985-08-08T02:16:15Z,9.5600913271719
1,17,1985-08-08T03:04:57Z,9.60888984842884
1,18,1985-08-08T03:32:07Z,9.65916119778188
1,18,1985-08-08T03:38:22Z,9.69317820332717
1,19,1985-08-08T17:30:50Z,10.6306435785582
1,19,1985-08-08T17:51:20Z,10.6646602292052
1,20,1985-08-08T19:08:23Z,10.725277219963
1,20,1985-08-08T20:04:56Z,10.7489485841035
1,20,1985-08-08T21:01:20Z,10.7800021885397
1,20,1985-08-08T21:58:23Z,10.7888746469501
1,20,1985-08-08T22:49:09Z,10.7652032828096
1,20,1985-08-09T00:02:18Z,10.7104957042514
1,20,1985-08-09T01:01:43Z,10.6365526358595
1,20,1985-08-09T01:39:32Z,10.5670631866913
1,20,1985-08-09T02:32:17Z,10.4739023733826
1,20,1985-08-09T03:02:23Z,10.422140805915
1,20,1985-08-09T03:46:42Z,10.3748151127542
1,20,1985-08-09T04:30:35Z,10.3422886802218
1,20,1985-08-09T06:03:38Z,10.3452517264325
1,20,1985-08-09T07:14:29Z,10.370378883549
1,20,1985-08-09T08:10:59Z,10.3984864768946
1,20,1985-08-09T08:59:58Z,10.4369223216266
1,20,1985-08-09T09:20:51Z,10.4576306395564
1,20,1985-08-09T10:10:46Z,10.4635396968577
1,20,1985-08-09T10:32:43Z,10.4472849981516
1,20,1985-08-09T11:02:43Z,10.4014324879852
1,20,1985-08-09T11:39:52Z,10.3526339667283
1,20,1985-08-09T12:02:57Z,10.2964532051756
1,21,1985-08-09T12:40:03Z,10.2520909131238
1,21,1985-08-09T13:10:16Z,10.195893116451
1,22,1985-08-09T13:48:20Z,10.117513818854
1,22,1985-08-09T14:18:33Z,10.0613330573013
1,22,1985-08-09T14:57:08Z,9.96520919778188
1,22,1985-08-09T15:27:14Z,9.9134472754159
1,22,1985-08-09T16:25:56Z,9.86464875415896
1,22,1985-08-09T17:09:36Z,9.83952159704251
1,22,1985-08-09T17:58:51Z,9.86908498336414
1,22,1985-08-09T18:33:27Z,9.91197444731978
1,22,1985-08-09T19:36:44Z,9.95190051016636
1,22,1985-08-09T19:57:25Z,9.97999071349353
1,22,1985-08-09T20:46:55Z,10.0006990314233
1,22,1985-08-09T21:29:32Z,10.0125345360444
1,22,1985-08-09T23:02:47Z,10.0080983068392
1,22,1985-08-10T00:08:17Z,9.97111825508318
1,22,1985-08-10T01:20:47Z,9.93859182255083
1,22,1985-08-10T02:11:31Z,9.91641067652495
1,22,1985-08-10T03:52:17Z,9.89866575970425
1,23,1985-08-10T05:08:36Z,9.98442694269871
1,23,1985-08-10T05:29:07Z,10.018443948244
1,23,1985-08-10T06:10:30Z,10.0731515268022
1,24,1985-08-10T06:22:39Z,10.1470945951941
1,25,1985-08-10T06:28:51Z,10.1825844288355
1,25,1985-08-10T07:02:44Z,10.2476546839187
1,25,1985-08-10T07:15:43Z,10.294962987061
1,25,1985-08-10T07:43:11Z,10.3348890499076
1,26,1985-08-10T07:56:23Z,10.3748151127542
1,27,1985-08-10T08:09:18Z,10.4251038521257
1,27,1985-08-10T08:36:46Z,10.4650299149723
1,27,1985-08-10T08:50:23Z,10.4901570720887
1,27,1985-08-10T09:18:29Z,10.5079019889094
1,28,1985-08-10T16:46:55Z,10.599589974122
1,29,1985-08-10T17:46:54Z,10.5123382181146
1,29,1985-08-10T18:30:14Z,10.4990295304991
1,29,1985-08-10T19:35:05Z,10.4842480147874
1,29,1985-08-10T20:31:43Z,10.5049559778189
1,29,1985-08-10T20:52:18Z,10.5360095822551
1,29,1985-08-10T21:20:09Z,10.5655729685767
1,29,1985-08-10T21:54:35Z,10.6114254787431
1,29,1985-08-10T22:29:16Z,10.6513515415896
1,30,1985-08-11T01:18:18Z,10.7489485841035
1,30,1985-08-11T02:24:41Z,10.6809149279113
1,30,1985-08-11T03:01:47Z,10.6365526358595
1,30,1985-08-11T04:16:09Z,10.5389555933457
1,30,1985-08-11T04:46:32Z,10.4768483844732
1,30,1985-08-11T05:38:24Z,10.4177045767098
1,30,1985-08-11T06:37:01Z,10.3689060554529
1,30,1985-08-11T07:49:01Z,10.3570701959335
1,30,1985-08-11T08:31:28Z,10.3748151127542
1,30,1985-08-11T08:59:24Z,10.3984864768946
1,30,1985-08-11T10:09:39Z,10.4443219519409
1,30,1985-08-11T11:13:19Z,10.4709393271719
1,30,1985-08-11T11:41:28Z,10.4901570720887
1,31,1985-08-11T13:42:04Z,10.5271371238447
1,31,1985-08-11T14:48:07Z,10.4709393271719
1,31,1985-08-11T15:18:55Z,10.39699625878
1,31,1985-08-11T15:41:38Z,10.3541241848429
1,31,1985-08-11T15:57:53Z,10.2846177005545
1,31,1985-08-11T16:28:52Z,10.2047655748614
1,31,1985-08-11T17:06:56Z,10.1234402661738
1,31,1985-08-11T17:51:38Z,10.0628062402957
1,31,1985-08-11T18:21:13Z,10.0317526358595
1,31,1985-08-11T19:11:59Z,10.0080983068392
1,31,1985-08-11T20:23:02Z,10.0258432236599
1,31,1985-08-11T21:05:04Z,10.0583700110906
1,31,1985-08-11T21:54:06Z,10.0982960739372
1,31,1985-08-11T22:57:28Z,10.1352587356747
1,31,1985-08-12T00:08:50Z,10.1426583659889
1,32,1985-08-12T02:25:59Z,10.1027323031423
1,32,1985-08-12T02:41:31Z,10.0613330573013
1,32,1985-08-12T02:57:13Z,10.0140077190388
1,33,1985-08-12T05:29:28Z,9.94746428096118
1,34,1985-08-12T16:36:53Z,9.90164619593346
1,35,1985-08-12T18:18:27Z,9.85284767467653
1,36,1985-08-12T21:29:29Z,9.93269980036969
1,36,1985-08-12T22:25:05Z,9.99184396303142
1,36,1985-08-12T23:13:29Z,10.0509877707948
1,36,1985-08-12T23:54:45Z,10.1101489685767
1,36,1985-08-13T00:36:54Z,10.1382395268022
1,37,1985-08-13T03:29:22Z,10.1160583807763
1,37,1985-08-13T03:51:46Z,10.0835315933457
1,37,1985-08-13T03:59:35Z,10.0628236303142
1,38,1985-08-13T04:58:20Z,10.0095888798521
1,38,1985-08-13T06:16:36Z,10.0273337966728
1,38,1985-08-13T06:37:19Z,10.0539511719039
1,39,1985-08-13T07:12:10Z,10.0879678225508
1,39,1985-08-13T07:46:23Z,10.1412025730129
1,39,1985-08-13T07:52:35Z,10.1766924066543
1,40,1985-08-13T08:13:03Z,10.2121822402957
1,40,1985-08-13T08:25:27Z,10.2772354602588
1,40,1985-08-13T08:26:15Z,10.2491452569316
1,41,1985-08-13T08:59:58Z,10.3230879704251
1,42,1985-08-13T16:01:04Z,10.6188251090573
1,43,1985-08-13T18:14:31Z,10.4620320887246
1,44,1985-08-13T18:30:06Z,10.4161969685767
1,45,1985-08-13T19:30:32Z,10.3067640665434
1,45,1985-08-13T20:28:05Z,10.2978916081331
1,45,1985-08-13T21:18:01Z,10.3038006654344
1,45,1985-08-13T21:53:20Z,10.3215455822551
1,45,1985-08-13T22:00:15Z,10.3289452125693
1,46,1985-08-13T22:48:44Z,10.3851433641405
1,46,1985-08-13T23:22:57Z,10.4413237707948
1,46,1985-08-13T23:43:22Z,10.4783041774492
1,46,1985-08-13T23:56:52Z,10.5078672088725
1,47,1985-08-14T00:38:33Z,10.5522295009242
1,47,1985-08-14T01:19:41Z,10.6158272828096
1,47,1985-08-14T02:08:13Z,10.6705348613678
1,47,1985-08-14T02:56:44Z,10.7252424399261
1,47,1985-08-14T03:41:36Z,10.6586990018484
1,47,1985-08-14T04:27:11Z,10.5670287615527
1,47,1985-08-14T05:05:00Z,10.497521922366
1,47,1985-08-14T05:28:41Z,10.4206331977819
1,47,1985-08-14T05:51:49Z,10.3629622181146
1,48,1985-08-14T05:59:55Z,10.3259992014787
1,48,1985-08-14T06:07:46Z,10.3038180554529
1,48,1985-08-14T06:08:32Z,10.2772006802218
1,49,1985-08-14T06:16:28Z,10.2491104768946
1,49,1985-08-14T06:25:00Z,10.2003119556377
1,49,1985-08-14T06:48:07Z,10.1426409759704
1,49,1985-08-14T07:10:55Z,10.0967884658041
1,49,1985-08-14T07:41:31Z,10.0302450277264
1,49,1985-08-14T07:43:30Z,9.96075557855822
1,49,1985-08-14T07:52:15Z,9.90455742698706
1,49,1985-08-14T08:14:55Z,9.86315853604436
1,49,1985-08-14T09:05:15Z,9.85428607763401
1,49,1985-08-14T09:40:39Z,9.86906759334566
1,49,1985-08-14T10:22:21Z,9.91342988539741
1,49,1985-08-14T11:10:29Z,9.9814465064695
1,49,1985-08-14T11:22:43Z,10.055389219963
1,49,1985-08-14T12:02:58Z,10.1500232162662
1,49,1985-08-14T12:30:10Z,10.1988217375231
1,49,1985-08-14T12:50:28Z,10.2402380184843
1,49,1985-08-14T13:39:22Z,10.284600310536
1,49,1985-08-14T14:28:44Z,10.3097274676525
1,49,1985-08-14T15:11:37Z,10.3126905138632
1,49,1985-08-14T15:47:49Z,10.2993818262477
1,49,1985-08-14T15:56:06Z,10.2594557634011
1,49,1985-08-14T16:48:31Z,10.1781308096118
1,50,1985-08-14T17:18:06Z,10.1470772051756
1,50,1985-08-14T17:48:37Z,10.080533767098
1,51,1985-08-14T17:56:46Z,10.0450439334566
1,51,1985-08-14T18:12:10Z,10.0080638817006
1,52,1985-08-14T18:42:08Z,9.96075557855822
1,52,1985-08-14T19:05:31Z,9.89421214048059
1,52,1985-08-14T19:29:12Z,9.817306025878
1,52,1985-08-14T19:45:47Z,9.73894411829945
1,52,1985-08-14T20:09:49Z,9.65021953419593
1,52,1985-08-14T20:53:47Z,9.61472970055453
1,52,1985-08-14T21:23:04Z,9.59105833641405
1,52,1985-08-14T22:06:30Z,9.57480363770795
1,52,1985-08-14T22:48:36Z,9.60436702402957
1,52,1985-08-14T23:23:17Z,9.64429308687616
1,52,1985-08-14T23:36:40Z,9.6783097375231
1,53,1985-08-15T00:17:17Z,9.75963504621072
1,53,1985-08-15T00:51:43Z,9.80548755637708
1,54,1985-08-15T01:11:53Z,9.85132267652495
1,54,1985-08-15T02:00:17Z,9.91342988539741
1,55,1985-08-15T02:55:23Z,9.98737295378928
1,55,1985-08-15T03:15:51Z,10.0228627874307
1,55,1985-08-15T04:12:03Z,10.0612986321627
1,56,1985-08-15T05:43:55Z,10.1027149131238
1,57,1985-08-17T05:41:03Z,10.6424098780037
1,57,1985-08-17T06:32:39Z,10.5891751275416
1,57,1985-08-17T07:03:10Z,10.525595090573
1,57,1985-08-17T07:19:15Z,10.4619973086876
1,57,1985-08-17T07:49:29Z,10.4087625582255
1,58,1985-08-17T19:31:12Z,9.89708859149723
1,58,1985-08-17T20:15:15Z,9.8586357116451
1,58,1985-08-17T20:44:58Z,9.82019986691312
1,58,1985-08-17T21:22:42Z,9.75365642883549
1,58,1985-08-17T21:23:38Z,9.72111260628466
1,60,1985-08-17T21:55:07Z,9.62056955268022
1,60,1985-08-17T21:55:53Z,9.59395217744917
1,59,1985-08-17T22:01:07Z,9.6604956155268
1,60,1985-08-17T22:32:18Z,9.57324385951941
1,60,1985-08-17T23:15:00Z,9.58211631792976
1,60,1985-08-17T23:55:53Z,9.65456916820702
1,60,1985-08-17T23:56:32Z,9.63238802218115
1,60,1985-08-18T00:43:08Z,9.75365642883549
1,60,1985-08-18T01:02:50Z,9.81576363770795
1,61,1985-08-18T01:22:25Z,9.88230707578558
1,62,1985-08-18T01:48:44Z,9.96215920147874
1,62,1985-08-18T02:22:22Z,10.0390479260628
1,62,1985-08-18T02:55:41Z,10.1262996820702
1,62,1985-08-18T03:50:53Z,10.197279349353
1,62,1985-08-18T04:47:00Z,10.2386782402957
1,62,1985-08-18T05:52:04Z,10.2164970942699
1,62,1985-08-18T06:08:32Z,10.1425543807763
1,62,1985-08-18T06:25:00Z,10.0656653012939
1,62,1985-08-18T07:10:27Z,9.97841390018484
1,62,1985-08-18T07:11:38Z,9.93701465434381
1,63,1985-08-18T07:41:59Z,9.87934367467652
1,64,1985-08-18T07:50:33Z,9.82907232532347
1,65,1985-08-18T07:51:50Z,9.78471003327172
1,66,1985-08-18T07:53:03Z,9.74182056931608
1,67,1985-08-18T08:08:48Z,9.69302204805915
1,68,1985-08-18T08:33:10Z,9.59246195933457
1,69,1985-08-18T08:55:57Z,9.54662648428836
1,70,1985-08-18T09:12:25Z,9.46973775970425
1,71,1985-08-18T09:28:43Z,9.40766533086876
1,72,1985-08-18T09:44:10Z,9.36626608502773
1,73,1985-08-18T09:59:34Z,9.32928603327172
1,73,1985-08-18T10:01:05Z,9.27605128280961
1,73,1985-08-18T10:17:36Z,9.20063538632163
1,73,1985-08-18T10:33:46Z,9.13409194824399
1,73,1985-08-18T11:11:04Z,9.08234741589649
1,74,1985-08-18T12:49:26Z,9.14889085397412
1,75,1985-08-18T13:30:24Z,9.21838030314233
1,75,1985-08-18T13:49:45Z,9.2923233715342
1,75,1985-08-18T14:08:49Z,9.37661172643253
1,76,1985-08-18T14:29:07Z,9.41801061737523
1,77,1985-08-18T14:34:56Z,9.46386312754159
1,79,1985-08-18T14:46:47Z,9.5510974935305
1,78,1985-08-18T14:48:11Z,9.50229897227357
1,80,1985-08-18T14:52:49Z,9.58955072828096
1,81,1985-08-18T15:13:17Z,9.62504056192236
1,81,1985-08-18T15:25:58Z,9.68271154158965
1,81,1985-08-18T16:06:41Z,9.76109048428835
1,82,1985-08-18T16:12:28Z,9.80839878743068
1,82,1985-08-18T16:24:54Z,9.87494222550832
1,82,1985-08-18T16:51:49Z,9.9341034232902
1,82,1985-08-18T17:41:04Z,9.96366680961183
1,82,1985-08-18T18:10:21Z,9.94297588170055
1,82,1985-08-18T19:02:33Z,9.86903316820702
1,82,1985-08-18T19:17:58Z,9.83207015157116
1,82,1985-08-18T19:41:51Z,9.74778179667283
1,83,1985-08-18T20:19:20Z,9.68714777079482
1,83,1985-08-18T20:51:38Z,9.56146017005545
1,84,1985-08-18T21:08:03Z,9.48604427356747
1,85,1985-08-18T21:46:07Z,9.40766533086876
1,86,1985-08-18T22:15:45Z,9.37217549722736
1,86,1985-08-18T22:17:39Z,9.30563205914972
1,86,1985-08-18T22:37:53Z,9.10009233271719
1,86,1985-08-18T23:08:22Z,9.03502207763401
1,86,1985-08-18T23:44:31Z,9.0231862181146
1,86,1985-08-19T00:26:43Z,9.04980359334566
1,86,1985-08-19T00:47:31Z,9.07347495748614
1,87,1985-08-19T01:14:52Z,9.11783724953789
1,87,1985-08-19T01:33:38Z,9.21247124584103
1,88,1985-08-19T02:21:00Z,9.3100682883549
1,88,1985-08-19T02:45:46Z,9.44462799260629
1,88,1985-08-19T02:56:38Z,9.56589639926063
1,88,1985-08-19T03:14:34Z,9.69011081700555
1,88,1985-08-19T03:18:08Z,9.81432523475046
1,88,1985-08-19T03:58:48Z,9.89417736044362
1,88,1985-08-19T06:00:02Z,9.91192227726433
1,88,1985-08-19T06:30:05Z,9.86163353789279
1,88,1985-08-19T07:02:23Z,9.7329828909427
1,88,1985-08-19T07:11:07Z,9.67974814048059
1,88,1985-08-19T07:42:16Z,9.59102355637708
1,89,1985-08-19T09:49:14Z,9.40913815896488
1,89,1985-08-19T10:16:15Z,9.21543429205176
1,89,1985-08-19T11:11:41Z,9.02911266543438
1,89,1985-08-19T11:48:11Z,9.0054413012939
1,89,1985-08-19T13:06:40Z,9.01284093160813
1,90,1985-08-19T14:13:40Z,9.17550822920517
1,91,1985-08-19T15:50:38Z,9.53927902402958
1,91,1985-08-19T16:23:28Z,9.64131229574861
1,91,1985-08-19T16:55:26Z,9.77587235489834
1,91,1985-08-19T17:44:30Z,9.81136218853974
1,91,1985-08-19T18:42:11Z,9.79805350092422
1,91,1985-08-19T19:50:36Z,9.65905721256932
1,91,1985-08-19T20:05:33Z,9.63834924953789
1,92,1985-08-19T20:29:16Z,9.55996995194085
1,92,1985-08-19T21:07:28Z,9.4742087689464
1,93,1985-08-19T21:30:00Z,9.43724575231054
1,93,1985-08-19T22:09:11Z,9.32041357486137
1,93,1985-08-19T22:26:50Z,9.2050716155268
1,93,1985-08-19T23:20:00Z,9.09712928650647
1,93,1985-08-19T23:57:32Z,9.03798512384473
1,93,1985-08-20T01:09:31Z,9.0231862181146
1,94,1985-08-20T02:17:57Z,9.13261912014787
1,94,1985-08-20T02:50:36Z,9.24352485027726
1,95,1985-08-20T03:03:54Z,9.28048751201479
1,95,1985-08-20T03:35:19Z,9.43131930499076
1,95,1985-08-20T03:53:29Z,9.54666126432532
1,95,1985-08-20T05:02:54Z,9.62504056192236
1,96,1985-08-20T15:47:21Z,9.61615071349353
1,96,1985-08-20T16:35:14Z,9.69600283918669
1,96,1985-08-20T17:16:25Z,9.75811004805915
1,96,1985-08-20T18:34:49Z,9.76845533456562
1,96,1985-08-20T19:39:46Z,9.75071041774492
1,96,1985-08-20T20:03:16Z,9.67973075046211
1,96,1985-08-20T20:42:47Z,9.55404350462107
1,96,1985-08-20T21:13:05Z,9.49193629574861
1,97,1985-08-20T21:57:42Z,9.43426531608133
1,97,1985-08-20T22:15:00Z,9.33370487245841
1,97,1985-08-20T22:46:43Z,9.22279914232902
1,98,1985-08-20T23:02:32Z,9.17400062107209
1,98,1985-08-20T23:32:43Z,9.11632964140481
1,98,1985-08-21T00:17:02Z,9.06902133826248
1,98,1985-08-21T01:00:02Z,9.06753112014787
1,98,1985-08-21T02:03:17Z,9.10894740110906
1,98,1985-08-21T02:30:25Z,9.16365533456562
1,98,1985-08-21T03:18:25Z,9.2390712310536
1,99,1985-08-21T04:07:02Z,9.28786975231054
1,99,1985-08-21T04:18:53Z,9.37806716451017
1,99,1985-08-21T04:52:17Z,9.45940950831793
1,99,1985-08-21T05:47:49Z,9.51855367097967
1,100,1985-08-21T17:02:18Z,9.96664724584103
1,101,1985-08-21T17:15:00Z,10.0213551792976
1,101,1985-08-21T17:56:36Z,10.0686805175601
1,101,1985-08-21T18:45:30Z,10.1130428096118
1,102,1985-08-21T19:48:33Z,10.1618413308688
1,103,1985-08-22T01:28:31Z,10.2904919778189
1,103,1985-08-22T02:52:57Z,10.3422365101664
1,103,1985-08-22T03:27:23Z,10.3880890203327
1,103,1985-08-22T04:45:14Z,10.4235788539741
1,104,1985-08-22T08:19:32Z,9.42698706099815
1,105,1985-08-22T16:26:11Z,10.0591497227357
1,105,1985-08-22T17:50:53Z,10.1012939001848
1,105,1985-08-22T19:58:33Z,10.143438077634
1,105,1985-08-22T20:42:28Z,10.1101663585952
1,105,1985-08-22T21:16:39Z,10.041404805915
1,105,1985-08-22T21:51:21Z,9.95489833641405
1,105,1985-08-22T22:36:17Z,9.88613678373382
1,106,1985-08-22T22:59:40Z,9.81959334565619
1,106,1985-08-22T23:34:52Z,9.71534195933457
1,106,1985-08-23T00:34:51Z,9.49574861367837
1,107,1985-08-23T02:47:02Z,9.38040665434381
1,107,1985-08-23T04:22:21Z,9.42698706099815
1,107,1985-08-23T04:42:14Z,9.48243992606285
1,107,1985-08-23T05:22:32Z,9.57560073937153
1,107,1985-08-23T05:42:37Z,9.62439926062846
1,108,1985-08-23T06:11:05Z,9.75526802218114
1,108,1985-08-23T06:41:27Z,9.81959334565619
1,108,1985-08-23T07:43:44Z,9.89500924214418
1,108,1985-08-23T08:25:59Z,9.91940850277264
1,108,1985-08-23T09:09:46Z,9.890573012939
1,108,1985-08-23T09:21:58Z,9.83955637707948
1,108,1985-08-23T10:07:28Z,9.75083179297597
1,109,1985-08-23T10:31:07Z,9.67541589648799
1,110,1985-08-23T11:05:41Z,9.59334565619224
1,110,1985-08-23T11:30:28Z,9.47800369685767
1,111,1985-08-23T14:57:10Z,9.00998151571164
1,111,1985-08-23T15:09:07Z,8.96783733826248
1,111,1985-08-23T16:04:09Z,8.92125693160813
1,111,1985-08-23T17:39:44Z,8.95896487985213
1,111,1985-08-23T18:31:39Z,9.02107208872458
1,111,1985-08-23T19:33:44Z,9.10314232902033
1,111,1985-08-23T20:15:17Z,9.15194085027726
1,111,1985-08-23T21:17:38Z,9.22513863216266
1,111,1985-08-23T22:10:49Z,9.24288354898336
1,111,1985-08-23T23:48:18Z,9.21404805914972
1,111,1985-08-24T00:11:30Z,9.15415896487985
1,111,1985-08-24T01:29:13Z,9.06543438077634
1,111,1985-08-24T02:03:20Z,8.99889094269871
1,111,1985-08-24T03:19:43Z,8.95674676524954
1,111,1985-08-24T04:23:23Z,8.98336414048059
1,111,1985-08-24T04:54:20Z,9.02772643253235
1,111,1985-08-24T06:07:25Z,9.10092421441774
1,111,1985-08-24T07:09:30Z,9.18299445471349
1,111,1985-08-24T07:18:47Z,9.23401109057301
1,112,1985-08-24T08:19:59Z,9.34713493530499
1,112,1985-08-24T08:20:52Z,9.31608133086876
1,112,1985-08-24T09:34:12Z,9.38040665434381
1,112,1985-08-24T11:01:39Z,9.3271719038817
1,112,1985-08-24T11:27:11Z,9.18521256931608
1,112,1985-08-24T11:39:35Z,9.1275415896488
1,113,1985-08-24T12:24:46Z,9.04990757855823
1,113,1985-08-24T12:38:14Z,8.95452865064695
1,114,1985-08-24T13:23:06Z,8.88798521256932
1,115,1985-08-24T13:46:32Z,8.81922365988909
1,116,1985-08-24T14:21:45Z,8.71497227356747
1,117,1985-08-24T15:06:48Z,8.64177449168207
1,118,1985-08-24T15:30:53Z,8.55083179297597
1,118,1985-08-24T16:14:55Z,8.51312384473198
1,118,1985-08-24T17:19:56Z,8.49316081330869
1,118,1985-08-24T18:44:19Z,8.54639556377079
1,118,1985-08-24T19:57:35Z,8.61293900184843
1,118,1985-08-24T20:16:16Z,8.71053604436229
1,118,1985-08-24T20:24:43Z,8.79038817005545
1,118,1985-08-24T21:48:33Z,8.86358595194085
1,118,1985-08-24T22:51:16Z,8.92347504621072
1,118,1985-08-25T00:16:40Z,8.94121996303142
1,118,1985-08-25T00:39:44Z,8.88576709796673
1,119,1985-08-25T01:57:43Z,8.78817005545287
1,119,1985-08-25T02:21:02Z,8.72384473197782
1,119,1985-08-25T02:45:03Z,8.63512014787431
1,119,1985-08-25T03:40:09Z,8.58632162661738
1,119,1985-08-25T04:13:46Z,8.53752310536044
1,119,1985-08-25T05:51:03Z,8.51534195933457
1,120,1985-08-25T07:15:11Z,8.57744916820702
1,120,1985-08-25T07:55:36Z,8.66617375231054
1,120,1985-08-25T08:03:56Z,8.75046210720887
1,120,1985-08-25T08:34:11Z,8.81922365988909
1,121,1985-08-25T09:12:57Z,8.96561922365989
1,121,1985-08-25T09:26:02Z,8.88354898336414
1,121,1985-08-25T09:54:30Z,9.01441774491682
1,121,1985-08-25T10:55:31Z,9.13419593345656
1,121,1985-08-25T12:22:11Z,9.10757855822551
1,121,1985-08-25T12:45:19Z,9.04990757855823
1,122,1985-08-25T12:57:31Z,8.99889094269871
1,123,1985-08-25T13:41:41Z,8.95674676524954
1,123,1985-08-25T14:04:45Z,8.90129390018484
1,124,1985-08-25T14:49:25Z,8.84140480591497
1,124,1985-08-25T15:47:26Z,8.690573012939
1,124,1985-08-25T16:02:15Z,8.54861367837338
1,124,1985-08-25T16:04:39Z,8.46432532347505
1,124,1985-08-25T16:38:28Z,8.40887245841035
1,124,1985-08-25T18:15:15Z,8.40443622920517
1,124,1985-08-25T19:39:15Z,8.47097966728281
1,125,1985-08-25T20:20:18Z,8.53752310536044
1,126,1985-08-25T20:39:22Z,8.62181146025878
1,127,1985-08-25T21:31:10Z,8.68835489833641
1,127,1985-08-25T22:10:41Z,8.80813308687615
1,127,1985-08-25T22:49:31Z,8.95231053604436
1,128,1985-08-26T00:01:31Z,9.06321626617375
1,129,1985-08-26T02:23:25Z,8.98336414048059
1,129,1985-08-26T03:10:45Z,8.83031423290203
1,130,1985-08-26T03:56:08Z,8.7460258780037
1,130,1985-08-26T04:41:19Z,8.66839186691312
1,130,1985-08-26T05:48:13Z,8.5818853974122
1,130,1985-08-26T07:14:39Z,8.5641404805915
1,130,1985-08-26T08:06:53Z,8.61515711645102
1,130,1985-08-26T08:58:14Z,8.69722735674677
1,130,1985-08-26T09:06:22Z,8.78817005545287
1,130,1985-08-26T09:36:44Z,8.85249537892791
1,131,1985-08-26T09:45:50Z,8.91016635859519
1,131,1985-08-26T10:37:22Z,8.98558225508318
1,131,1985-08-26T11:41:18Z,9.00332717190388
1,132,1985-08-26T14:37:46Z,8.84140480591497
1,133,1985-08-26T15:11:57Z,8.77264325323475
1,133,1985-08-26T15:24:13Z,8.71940850277264
1,133,1985-08-26T16:10:55Z,8.58853974121996
1,133,1985-08-26T16:35:57Z,8.46432532347505
1,133,1985-08-26T17:00:14Z,8.36672828096118
1,133,1985-08-26T19:52:45Z,8.34232902033272
1,133,1985-08-26T20:45:26Z,8.37781885397412
1,133,1985-08-26T21:16:00Z,8.43548983364141
1,133,1985-08-26T21:56:14Z,8.53086876155268
1,133,1985-08-26T22:25:43Z,8.62624768946396
1,133,1985-08-26T22:33:28Z,8.73049907578558
1,133,1985-08-26T23:23:56Z,8.84362292051756
1,133,1985-08-27T00:04:21Z,8.93234750462107
1,134,1985-08-27T01:27:47Z,9.018853974122
1,135,1985-08-27T03:49:18Z,8.95231053604436
1,136,1985-08-27T04:47:11Z,8.80591497227357
1,136,1985-08-27T05:00:55Z,8.70166358595194
1,136,1985-08-27T05:35:10Z,8.63068391866913
1,136,1985-08-27T06:20:13Z,8.55748613678373
1,136,1985-08-27T07:25:29Z,8.52865064695009
1,136,1985-08-27T08:38:41Z,8.59741219963031
1,136,1985-08-27T09:28:38Z,8.72828096118299
1,136,1985-08-27T09:30:06Z,8.67726432532347
1,137,1985-08-27T10:09:19Z,8.80813308687615
1,137,1985-08-27T10:49:55Z,8.8902033271719
1,138,1985-08-27T11:38:20Z,9.07430683918669
1,137,1985-08-27T11:40:00Z,9.01663585951941
1,138,1985-08-27T11:47:33Z,9.1275415896488
1,138,1985-08-27T13:01:51Z,9.15859519408503
1,139,1985-08-27T15:46:22Z,9.03881700554529
1,139,1985-08-27T17:06:11Z,8.87689463955638
1,139,1985-08-27T17:30:35Z,8.77486136783734
1,139,1985-08-27T18:27:27Z,8.66395563770795
1,139,1985-08-27T19:34:03Z,8.58853974121996
1,139,1985-08-27T20:58:45Z,8.63068391866913
1,139,1985-08-27T22:10:57Z,8.73493530499076
1,139,1985-08-27T22:30:27Z,8.80369685767098
1,139,1985-08-27T22:49:43Z,8.88133086876155
1,140,1985-08-27T23:09:51Z,8.9279112754159
1,141,1985-08-27T23:18:41Z,8.99445471349353
1,140,1985-08-27T23:19:27Z,8.96783733826248
1,142,1985-08-27T23:49:00Z,9.06099815157116
1,143,1985-08-28T00:07:41Z,9.15859519408503
1,143,1985-08-28T00:16:23Z,9.22957486136784
1,144,1985-08-28T00:54:24Z,9.40258780036969
1,144,1985-08-28T01:14:06Z,9.46469500924214
1,145,1985-08-28T03:29:23Z,9.61552680221811
1,145,1985-08-28T04:45:58Z,9.56672828096118
1,145,1985-08-28T05:09:36Z,9.4913123844732
1,145,1985-08-28T06:06:05Z,9.39371534195934
1,145,1985-08-28T06:30:26Z,9.29390018484288
1,145,1985-08-28T07:05:53Z,9.18077634011091
1,146,1985-08-28T07:39:45Z,9.12310536044362
1,146,1985-08-28T08:56:50Z,9.05656192236599
1,146,1985-08-28T10:09:13Z,9.15415896487985
1,148,1985-08-28T10:36:33Z,9.32495378927911
1,147,1985-08-28T10:48:33Z,9.28059149722736
1,146,1985-08-28T11:00:38Z,9.23401109057301
1,148,1985-08-28T11:18:41Z,9.35378927911275
1,150,1985-08-28T11:26:49Z,9.44473197781885
1,151,1985-08-28T11:36:13Z,9.4913123844732
1,149,1985-08-28T11:38:42Z,9.40480591497227
1,152,1985-08-28T11:45:49Z,9.53123844731978
1,153,1985-08-28T12:06:24Z,9.56229205175601
1,153,1985-08-28T12:33:44Z,9.73308687615527
1,153,1985-08-28T14:07:58Z,9.8173752310536
1,153,1985-08-28T15:25:22Z,9.73974121996303
1,154,1985-08-28T16:31:47Z,9.67097966728281
1,154,1985-08-28T16:45:26Z,9.56894639556377
1,154,1985-08-28T16:47:05Z,9.51127541589649
1,155,1985-08-28T16:48:18Z,9.46913123844732
1,156,1985-08-28T17:21:36Z,9.43142329020333
1,157,1985-08-28T17:56:29Z,9.33826247689464
1,158,1985-08-28T18:08:22Z,9.29833641404806
1,159,1985-08-28T18:31:22Z,9.24510166358595
1,160,1985-08-28T18:44:31Z,9.16081330868762
1,161,1985-08-28T19:08:32Z,9.0720887245841
1,161,1985-08-28T19:21:22Z,8.99889094269871
1,162,1985-08-28T19:44:38Z,8.93678373382625
1,162,1985-08-28T20:07:30Z,8.88798521256932
1,162,1985-08-28T20:40:37Z,8.85693160813309
1,162,1985-08-28T21:22:37Z,8.8902033271719
1,163,1985-08-28T22:14:29Z,8.95452865064695
1,163,1985-08-28T22:23:07Z,9.02772643253235
1,163,1985-08-28T23:34:44Z,9.15194085027726
1,164,1985-08-29T00:04:48Z,9.22735674676525
1,164,1985-08-29T00:21:50Z,9.3826247689464
1,164,1985-08-29T01:10:04Z,9.57338262476895
1,164,1985-08-29T03:15:45Z,9.68428835489834
1,164,1985-08-29T03:39:01Z,9.62218114602588
1,164,1985-08-29T04:49:18Z,9.4181146025878
1,165,1985-08-29T06:17:18Z,9.3449168207024
1,165,1985-08-29T06:59:11Z,9.00776340110906
1,166,1985-08-29T08:05:39Z,8.93678373382625
1,166,1985-08-29T08:42:00Z,8.79260628465804
1,166,1985-08-29T09:05:31Z,8.72162661737523
1,166,1985-08-29T10:10:35Z,8.69944547134935
1,167,1985-08-29T11:33:19Z,8.81035120147874
1,168,1985-08-29T12:41:50Z,9.04325323475046
1,167,1985-08-29T12:43:02Z,9.00110905730129
1,169,1985-08-29T12:51:21Z,9.08539741219963
1,169,1985-08-29T13:11:38Z,9.1275415896488
1,170,1985-08-29T13:42:43Z,9.17264916820702
1,171,1985-08-29T13:48:27Z,9.22441073567468
1,172,1985-08-29T13:54:14Z,9.26877302772643
1,173,1985-08-29T14:14:19Z,9.31757154898336
1,175,1985-08-29T14:33:05Z,9.41220554528651
1,174,1985-08-29T14:34:39Z,9.35749761182995
1,176,1985-08-29T14:53:30Z,9.44916820702403
1,177,1985-08-29T14:59:22Z,9.49649390018484
1,177,1985-08-29T15:31:25Z,9.62514454713493
1,177,1985-08-29T16:46:56Z,9.49058448798521
1,178,1985-08-29T17:02:30Z,9.44473197781885
1,179,1985-08-29T17:18:40Z,9.384114987061
1,180,1985-08-29T17:34:35Z,9.32644400739371
1,181,1985-08-29T18:19:32Z,9.25693752310536
1,182,1985-08-29T18:43:08Z,9.18299445471349
1,183,1985-08-29T18:52:46Z,9.09870609981516
1,185,1985-08-29T19:12:04Z,8.54195933456562
1,186,1985-08-29T19:15:45Z,8.41330868761553
1,184,1985-08-29T19:24:07Z,8.99963622920518
1,188,1985-08-29T19:50:56Z,7.18447319778189
1,187,1985-08-29T20:07:54Z,7.34195933456562
1,189,1985-08-29T20:35:17Z,6.76081330868762
1,190,1985-08-29T23:31:53Z,6.96931608133087
1,191,1985-08-29T23:38:07Z,7.1268022181146
1,192,1985-08-30T00:16:41Z,7.27985212569316
1,194,1985-08-30T01:08:41Z,8.08946395563771
1,193,1985-08-30T01:13:04Z,7.93641404805915
1,196,1985-08-30T01:22:36Z,8.35341959334566
1,195,1985-08-30T01:26:32Z,8.21589648798521
1,197,1985-08-30T01:51:12Z,8.47985212569316
1,198,1985-08-30T02:42:02Z,8.57966728280961
1,198,1985-08-30T02:49:25Z,8.69722735674677
1,198,1985-08-30T03:07:12Z,8.82587800369686
1,198,1985-08-30T03:33:50Z,9.02107208872458
1,198,1985-08-30T04:32:03Z,9.23844731977819
1,198,1985-08-30T06:00:30Z,9.14972273567468
1,198,1985-08-30T06:58:19Z,9.00554528650647
1,198,1985-08-30T07:47:15Z,8.79704251386322
1,198,1985-08-30T08:23:32Z,8.6550831792976
1,198,1985-08-30T08:49:01Z,8.51534195933457
1,198,1985-08-30T09:13:17Z,8.4177449168207
1,198,1985-08-30T10:41:18Z,8.3445471349353
1,199,1985-08-30T14:04:05Z,8.7637707948244
1,199,1985-08-30T14:23:59Z,8.81922365988909
1,199,1985-08-30T14:55:14Z,8.85249537892791
1,200,1985-08-30T15:04:43Z,8.89685767097967
1,201,1985-08-30T15:24:59Z,8.93900184842884
1,201,1985-08-30T15:34:08Z,8.99445471349353
1,201,1985-08-30T15:42:35Z,9.07430683918669
1,202,1985-08-30T16:44:44Z,9.15415896487985
1,203,1985-08-30T21:27:50Z,8.64399260628466
1,203,1985-08-30T21:50:23Z,8.60628465804066
1,203,1985-08-30T22:34:26Z,8.56857670979667
1,203,1985-08-30T23:05:38Z,8.60406654343808
1,203,1985-08-30T23:25:35Z,8.65730129390018
1,204,1985-08-30T23:56:36Z,8.69944547134935
1,206,1985-08-31T00:36:57Z,8.79038817005545
1,205,1985-08-31T00:38:21Z,8.74158964879852
1,207,1985-08-31T00:46:25Z,8.83475046210721
1,207,1985-08-31T00:56:01Z,8.87467652495379
1,208,1985-08-31T01:14:46Z,8.97005545286506
1,208,1985-08-31T01:15:39Z,8.93900184842884
1,209,1985-08-31T01:39:57Z,9.02772643253235
1,210,1985-08-31T01:49:12Z,9.07985212569316
1,211,1985-08-31T02:14:51Z,9.12199630314233
1,212,1985-08-31T02:24:13Z,9.16968576709797
1,213,1985-08-31T02:44:26Z,9.21404805914972
1,214,1985-08-31T02:48:35Z,9.25619223659889
1,215,1985-08-31T03:13:49Z,9.31275415896488
1,217,1985-08-31T03:25:59Z,9.45027726432532
1,216,1985-08-31T03:27:46Z,9.38817005545286
1,218,1985-08-31T03:40:15Z,9.51460258780037
1,219,1985-08-31T05:31:20Z,9.57338262476895
1,219,1985-08-31T06:14:58Z,9.55009242144178
1,219,1985-08-31T06:32:34Z,9.49796672828096
1,219,1985-08-31T07:17:45Z,9.42033271719039
1,219,1985-08-31T07:52:32Z,9.33049907578558
1,220,1985-08-31T08:10:02Z,9.28170055452865
1,220,1985-08-31T08:24:01Z,9.16857670979667
1,221,1985-08-31T08:41:07Z,9.13419593345656
1,222,1985-08-31T08:48:35Z,9.06099815157116
1,222,1985-08-31T09:11:29Z,9.01109057301294
1,223,1985-08-31T09:23:13Z,8.97670979667283
1,224,1985-08-31T09:34:52Z,8.94454713493531
1,224,1985-08-31T09:47:10Z,8.8902033271719
1,225,1985-08-31T09:58:52Z,8.85693160813309
1,225,1985-08-31T10:22:58Z,8.76487985212569
1,225,1985-08-31T10:36:42Z,8.66062846580407
1,225,1985-08-31T11:47:10Z,8.6373382624769
1,225,1985-08-31T12:24:21Z,8.65175600739371
1,226,1985-08-31T12:55:14Z,8.69833641404806
1,227,1985-08-31T13:04:19Z,8.75600739371534
1,227,1985-08-31T13:18:47Z,8.81367837338263
1,228,1985-08-31T13:23:27Z,8.83807763401109
1,228,1985-08-31T13:43:34Z,8.88576709796673
1,229,1985-08-31T13:53:17Z,8.92125693160813
1,229,1985-08-31T14:07:54Z,8.97338262476895
1,230,1985-08-31T14:22:56Z,9.01109057301294
1,230,1985-08-31T14:32:18Z,9.05878003696858
1,231,1985-08-31T14:52:46Z,9.09426987060998
1,232,1985-08-31T15:23:47Z,9.13641404805915
1,232,1985-08-31T15:37:38Z,9.21515711645102
1,232,1985-08-31T15:41:10Z,9.27948243992606
1,232,1985-08-31T16:07:13Z,9.30720887245841
1,233,1985-08-31T20:50:09Z,9.17744916820702
1,234,1985-08-31T21:13:59Z,9.09537892791128
1,234,1985-08-31T21:31:16Z,9.0543438077634
1,235,1985-08-31T21:33:35Z,8.97338262476895
1,234,1985-08-31T21:37:53Z,9.01109057301294
1,235,1985-08-31T21:51:02Z,8.9268022181146
1,236,1985-08-31T21:52:14Z,8.88465804066544
1,236,1985-08-31T22:05:12Z,8.80702402957486
1,237,1985-08-31T22:11:31Z,8.77375231053604
1,237,1985-08-31T22:23:39Z,8.72495378927911
1,238,1985-08-31T22:40:37Z,8.69500924214418
1,239,1985-08-31T22:41:27Z,8.66617375231054
1,239,1985-08-31T23:15:15Z,8.61072088724584
1,239,1985-09-01T00:05:01Z,8.56081330868762
1,239,1985-09-01T00:46:53Z,8.59852125693161
1,239,1985-09-01T01:18:11Z,8.63068391866913
1,240,1985-09-01T01:33:02Z,8.67504621072089
1,241,1985-09-01T02:01:53Z,8.79260628465804
1,240,1985-09-01T02:02:56Z,8.75600739371534
1,241,1985-09-01T02:42:23Z,8.87800369685767
1,242,1985-09-01T02:57:16Z,8.92125693160813
1,242,1985-09-01T03:21:00Z,9.02994454713494
1,243,1985-09-01T03:51:47Z,9.07985212569316
1,243,1985-09-01T03:56:16Z,9.11090573012939
1,244,1985-09-01T04:37:38Z,9.16635859519408
1,244,1985-09-01T04:47:35Z,9.19408502772643
1,245,1985-09-01T09:50:57Z,9.28835489833642
1,246,1985-09-01T18:41:00Z,9.90499075785582
1,246,1985-09-01T18:49:39Z,9.97818853974122
1,246,1985-09-01T19:13:13Z,10.0924214417745
1,246,1985-09-01T20:00:19Z,10.135674676525
1,247,1985-09-01T21:06:55Z,10.060258780037
1,248,1985-09-01T22:05:11Z,9.90055452865065
1,248,1985-09-01T22:28:45Z,9.82735674676525
1,248,1985-09-01T22:46:40Z,9.7641404805915
1,248,1985-09-01T23:15:03Z,9.71090573012939
1,248,1985-09-02T00:41:55Z,9.67763401109057
1,249,1985-09-02T17:02:19Z,10.3186691312384
1,249,1985-09-02T18:27:15Z,10.3530499075786
1,249,1985-09-02T21:18:25Z,10.3763401109057
2,1,1985-08-06T23:42:41Z,8.45394525693161
2,1,1985-08-07T01:14:42Z,8.49239849168207
2,1,1985-08-07T02:03:03Z,8.55303251756007
2,1,1985-08-07T03:33:16Z,8.65210274306839
2,2,1985-08-07T05:02:48Z,8.77778998890943
2,2,1985-08-07T06:26:23Z,8.85913233271719
2,2,1985-08-07T07:37:06Z,8.88869571903882
2,2,1985-08-07T09:18:08Z,8.86207834380776
2,2,1985-08-07T10:24:18Z,8.80146135304991
2,2,1985-08-07T11:02:07Z,8.7289914676525
2,3,1985-08-07T11:03:51Z,8.66837447689464
2,3,1985-08-07T11:49:29Z,8.57521366358595
2,3,1985-08-07T12:19:14Z,8.53823361182994
2,3,1985-08-07T13:10:56Z,8.48205285027726
2,3,1985-08-07T14:52:48Z,8.42585505360444
2,3,1985-08-07T15:43:55Z,8.39036521996303
2,4,1985-08-07T17:47:31Z,8.32529460998152
2,4,1985-08-07T18:14:21Z,8.38740181885397
2,5,1985-08-07T21:08:42Z,8.5485962883549
2,6,1985-08-07T23:55:43Z,8.46725394454714
2,6,1985-08-08T00:40:35Z,8.4007105064695
2,7,1985-08-08T02:29:40Z,8.3415666987061
2,8,1985-08-08T02:49:50Z,8.38740181885397
2,9,1985-08-08T17:51:42Z,9.14596223290203
2,10,1985-08-08T19:08:04Z,9.22728754158965
2,10,1985-08-08T20:11:30Z,9.26277737523105
2,10,1985-08-08T22:33:39Z,9.29974003696858
2,10,1985-08-08T23:53:15Z,9.2716498336414
2,10,1985-08-09T01:56:51Z,9.20363321256931
2,10,1985-08-09T03:17:35Z,9.13559955637708
2,10,1985-08-09T03:40:32Z,9.08385502402957
2,10,1985-08-09T04:53:36Z,9.03209345656192
2,10,1985-08-09T06:42:18Z,8.98625798151571
2,10,1985-08-09T08:59:17Z,8.95520437707948
2,10,1985-08-09T10:33:33Z,8.91231526802218
2,10,1985-08-09T10:56:10Z,8.8723892051756
2,10,1985-08-09T11:41:15Z,8.79844613678373
2,11,1985-08-09T13:09:32Z,8.715648
2,12,1985-08-09T14:37:11Z,8.65203318299445
2,12,1985-08-09T15:35:31Z,8.61654334935305
2,12,1985-08-09T16:41:26Z,8.5647817818854
2,12,1985-08-09T17:33:15Z,8.50416479112754
2,12,1985-08-09T18:45:22Z,8.48789270240296
2,12,1985-08-09T19:56:39Z,8.49823834380776
2,12,1985-08-09T20:16:41Z,8.5485270831793
2,12,1985-08-09T20:29:28Z,8.60323466173752
2,12,1985-08-09T21:18:50Z,8.62837920887246
2,13,1985-08-09T23:18:43Z,8.69343242883549
2,14,1985-08-10T21:02:25Z,9.16663577079482
2,15,1985-08-11T01:59:28Z,9.29379619963031
2,15,1985-08-11T02:57:30Z,9.26866904251386
2,15,1985-08-11T03:49:09Z,9.21394407393715
2,15,1985-08-11T04:26:48Z,9.15036403696858
2,15,1985-08-11T05:04:24Z,9.08529342698706
2,15,1985-08-11T05:41:10Z,9.05276699445471
2,15,1985-08-11T06:53:22Z,9.03058584842884
2,15,1985-08-11T08:12:42Z,9.01136774861368
2,15,1985-08-11T11:11:50Z,9.0054413012939
2,15,1985-08-11T12:24:05Z,8.98475037338262
2,15,1985-08-11T12:24:53Z,8.95664278003697
2,15,1985-08-11T14:20:43Z,8.91080765988909
2,15,1985-08-11T14:49:58Z,8.88862651386322
2,15,1985-08-11T14:57:57Z,8.86200913863216
2,15,1985-08-11T15:48:40Z,8.83982799260628
2,15,1985-08-11T17:07:58Z,8.82208307578558
2,15,1985-08-11T17:51:48Z,8.79102947134935
2,15,1985-08-11T18:21:46Z,8.74370377818854
2,15,1985-08-11T18:51:32Z,8.70377771534196
2,15,1985-08-11T19:57:39Z,8.64463390757856
2,15,1985-08-11T21:02:56Z,8.61505313123845
2,15,1985-08-11T22:21:46Z,8.61358030314233
2,15,1985-08-11T23:18:11Z,8.64463390757856
2,15,1985-08-11T23:52:54Z,8.68012374121996
2,15,1985-08-12T00:13:15Z,8.72004980406654
2,15,1985-08-12T00:19:04Z,8.76884832532348
2,15,1985-08-12T01:22:29Z,8.80433815896488
2,16,1985-08-12T03:55:30Z,8.71117734565619
2,17,1985-08-12T22:22:15Z,8.55587454343808
2,18,1985-08-13T00:00:08Z,8.63867268022181
2,19,1985-08-14T00:18:27Z,9.21539986691312
2,19,1985-08-14T01:36:33Z,9.23905384103512
2,19,1985-08-14T02:33:49Z,9.24054405914972
2,19,1985-08-14T03:17:06Z,9.22870855452865
2,19,1985-08-14T03:46:19Z,9.20800023659889
2,19,1985-08-14T05:07:10Z,9.13554774121996
2,19,1985-08-14T06:06:25Z,9.06456807393715
2,19,1985-08-14T06:51:22Z,8.99506123475046
2,20,1985-08-14T07:07:20Z,8.93888047319778
2,20,1985-08-14T07:45:39Z,8.85162907208873
2,20,1985-08-14T08:16:43Z,8.76586753419593
2,20,1985-08-14T08:54:04Z,8.71263278373383
2,20,1985-08-14T10:20:52Z,8.6815791792976
2,20,1985-08-14T11:46:32Z,8.69045163770795
2,20,1985-08-14T13:04:26Z,8.71854219593346
2,20,1985-08-14T13:46:20Z,8.75550485767098
2,20,1985-08-14T14:27:00Z,8.83241097227357
2,21,1985-08-14T18:05:41Z,8.69637808502773
2,21,1985-08-14T18:36:14Z,8.63130782994455
2,21,1985-08-14T18:46:25Z,8.52483832902033
2,21,1985-08-14T19:24:40Z,8.440549974122
2,21,1985-08-14T19:47:30Z,8.39322428096118
2,21,1985-08-14T20:24:23Z,8.3532982181146
2,21,1985-08-14T21:08:24Z,8.31633555637708
2,21,1985-08-14T22:27:31Z,8.30449969685767
2,21,1985-08-14T23:45:25Z,8.3355533012939
2,21,1985-08-15T00:41:07Z,8.38878805175601
2,21,1985-08-15T01:01:24Z,8.43020433271719
2,21,1985-08-15T01:35:40Z,8.48491226617375
2,21,1985-08-15T02:10:03Z,8.5351836155268
2,22,1985-08-15T03:05:52Z,8.58398213678373
2,23,1985-08-15T04:15:52Z,8.64165311645102
2,24,1985-08-17T05:47:42Z,9.12076587060998
2,24,1985-08-17T06:31:08Z,9.10449413678374
2,24,1985-08-17T07:08:39Z,9.045349974122
2,25,1985-08-17T07:31:29Z,8.99802463585952
2,25,1985-08-17T07:40:13Z,8.94184387430684
2,25,1985-08-17T08:39:34Z,8.87086420702403
2,26,1985-08-17T20:02:18Z,8.77917622181146
2,26,1985-08-17T20:25:20Z,8.72446864325324
2,26,1985-08-17T21:04:23Z,8.61207269500924
2,27,1985-08-17T21:12:50Z,8.56623721996303
2,27,1985-08-17T21:53:16Z,8.40506014048059
2,28,1985-08-17T22:23:45Z,8.33998953049907
2,28,1985-08-17T23:01:21Z,8.27788232162662
2,29,1985-08-17T23:02:17Z,8.24535588909427
2,29,1985-08-17T23:39:12Z,8.20690265434381
2,29,1985-08-18T00:06:50Z,8.24091965988909
2,29,1985-08-18T00:34:13Z,8.28379173382625
2,30,1985-08-18T01:08:39Z,8.33259025508318
2,30,1985-08-18T01:42:45Z,8.39322428096118
2,30,1985-08-18T02:00:50Z,8.51152964140481
2,30,1985-08-18T02:41:15Z,8.60025422550832
2,30,1985-08-18T03:15:36Z,8.64905274676525
2,30,1985-08-18T04:25:20Z,8.71559618484288
2,30,1985-08-18T05:57:35Z,8.74368638817005
2,30,1985-08-18T06:20:00Z,8.71115995563771
2,30,1985-08-18T06:37:06Z,8.61503574121996
2,30,1985-08-18T07:01:52Z,8.4996937818854
2,30,1985-08-18T07:48:03Z,8.38731522365989
2,30,1985-08-18T08:05:19Z,8.28231855083179
2,31,1985-08-18T08:28:22Z,8.22761097227357
2,31,1985-08-18T09:13:27Z,8.1536679038817
2,31,1985-08-18T09:43:27Z,8.10783278373383
2,31,1985-08-18T10:35:47Z,8.02945348613678
2,31,1985-08-18T11:28:07Z,7.95107454343808
2,31,1985-08-18T12:25:46Z,7.93925607393715
2,31,1985-08-18T13:13:39Z,8.01614479852126
2,31,1985-08-18T14:01:35Z,8.0945240961183
2,31,1985-08-18T14:14:01Z,8.15810413308688
2,31,1985-08-18T15:02:25Z,8.22021134195933
2,31,1985-08-18T15:43:58Z,8.26900986321627
2,31,1985-08-18T17:01:29Z,8.3104091090573
2,31,1985-08-18T18:12:45Z,8.32371779667283
2,31,1985-08-18T19:03:44Z,8.2926641922366
2,31,1985-08-18T20:03:37Z,8.20246642513863
2,31,1985-08-18T20:55:55Z,8.12557770055453
2,31,1985-08-18T21:19:28Z,8.05310781515712
2,31,1985-08-18T21:57:07Z,7.9895274232902
2,31,1985-08-18T22:26:52Z,7.94960136044362
2,31,1985-08-18T23:25:14Z,7.9126386987061
2,31,1985-08-19T00:21:31Z,7.94516513123845
2,31,1985-08-19T01:31:19Z,8.01023574121996
2,31,1985-08-19T01:58:47Z,8.05016180406654
2,31,1985-08-19T02:40:30Z,8.0930338780037
2,31,1985-08-19T03:14:31Z,8.15663130499076
2,31,1985-08-19T03:55:29Z,8.22612075415897
2,31,1985-08-19T04:15:39Z,8.27197326432532
2,31,1985-08-19T05:04:18Z,8.32224461367837
2,31,1985-08-19T05:46:37Z,8.34442575970425
2,31,1985-08-19T06:29:29Z,8.34738916081331
2,31,1985-08-19T07:42:12Z,8.30746309796673
2,31,1985-08-19T08:26:54Z,8.24682871719039
2,31,1985-08-19T08:57:02Z,8.19655736783734
2,31,1985-08-19T09:34:15Z,8.14479544547135
2,31,1985-08-19T09:50:05Z,8.0930338780037
2,31,1985-08-19T10:27:57Z,8.02205421072089
2,31,1985-08-19T11:13:11Z,7.94220208502773
2,31,1985-08-19T11:36:04Z,7.8934035637708
2,31,1985-08-19T12:12:47Z,7.85940394824399
2,31,1985-08-19T12:42:07Z,7.83722280221811
2,31,1985-08-19T13:46:17Z,7.84609526062847
2,31,1985-08-19T14:27:54Z,7.8934035637708
2,31,1985-08-19T15:30:20Z,7.96291004805915
2,31,1985-08-19T15:33:37Z,8.09747010720887
2,31,1985-08-19T16:07:30Z,8.16550376340111
2,31,1985-08-19T16:27:02Z,8.23352002957486
2,31,1985-08-19T17:30:22Z,8.27197326432532
2,31,1985-08-19T18:55:56Z,8.28379173382625
2,31,1985-08-19T20:16:22Z,8.22317474306839
2,32,1985-08-19T21:46:06Z,8.09005308687616
2,33,1985-08-19T22:01:28Z,8.05161724214418
2,33,1985-08-19T22:24:41Z,7.99098321626617
2,33,1985-08-19T23:02:48Z,7.91113109057301
2,33,1985-08-20T00:01:55Z,7.8475506987061
2,34,1985-08-20T02:29:23Z,7.94809375231054
2,35,1985-08-20T02:40:34Z,8.05605347134935
2,35,1985-08-20T03:50:16Z,8.12407009242144
2,36,1985-08-20T07:03:15Z,8.38433443253235
2,37,1985-08-20T09:27:31Z,8.09597953419593
2,38,1985-08-20T10:21:15Z,7.97176511645102
2,39,1985-08-20T11:49:57Z,7.87416807393715
2,39,1985-08-20T13:15:04Z,7.90225863216266
2,39,1985-08-20T13:55:34Z,7.98801981515712
2,39,1985-08-20T15:04:13Z,8.08710707578558
2,39,1985-08-20T15:52:04Z,8.1684323844732
2,39,1985-08-20T16:54:56Z,8.22313996303143
2,39,1985-08-20T17:51:18Z,8.25272073937153
2,39,1985-08-20T19:52:27Z,8.27637471349353
2,39,1985-08-20T20:37:11Z,8.21426750462107
2,39,1985-08-20T21:14:40Z,8.15365051386322
2,39,1985-08-20T21:37:43Z,8.09892554528651
2,39,1985-08-20T22:02:42Z,7.97620134565619
2,39,1985-08-20T22:54:50Z,7.90816768946396
2,39,1985-08-21T00:14:05Z,7.88894994454713
2,39,1985-08-21T02:35:56Z,7.93331223659889
2,39,1985-08-21T03:17:22Z,7.986546987061
2,39,1985-08-21T03:29:13Z,8.07674439926063
2,39,1985-08-21T04:10:22Z,8.14034182624769
2,39,1985-08-21T04:22:25Z,8.21723090573013
2,39,1985-08-21T05:16:56Z,8.31186454713493
2,39,1985-08-21T06:13:23Z,8.34440836968577
2,40,1985-08-21T13:51:47Z,8.33997214048059
2,41,1985-08-21T16:37:54Z,8.53961984473198
2,41,1985-08-21T17:32:57Z,8.62096218853974
2,42,1985-08-22T01:28:55Z,8.99951485397412
2,42,1985-08-22T03:00:46Z,9.04387714602588
2,42,1985-08-22T03:56:28Z,9.09711189648798
2,42,1985-08-22T04:30:44Z,9.14887346395564
2,43,1985-08-22T11:34:52Z,9.09267566728281
2,43,1985-08-22T12:05:48Z,9.00838731238447
2,43,1985-08-22T13:06:50Z,8.8812094935305
2,44,1985-08-22T17:33:08Z,8.58250930868762
2,45,1985-08-22T20:56:34Z,8.72743168946396
2,45,1985-08-22T22:45:13Z,8.6830693974122
2,45,1985-08-22T23:00:48Z,8.63721688724584
2,46,1985-08-22T23:38:01Z,8.59138176709797
2,46,1985-08-22T23:54:17Z,8.52187492791128
2,46,1985-08-23T00:27:10Z,8.37547936414048
2,47,1985-08-23T01:41:21Z,8.28084572273568
2,47,1985-08-23T04:03:31Z,8.32077178558226
2,47,1985-08-23T04:52:08Z,8.36957030683919
2,47,1985-08-23T05:48:10Z,8.41689564510166
2,47,1985-08-23T07:28:00Z,8.42871411460259
2,47,1985-08-23T09:08:31Z,8.41689564510166
2,47,1985-08-23T10:14:34Z,8.36069784842883
2,47,1985-08-23T11:21:17Z,8.28084572273568
2,47,1985-08-23T11:51:48Z,8.21726533086876
2,47,1985-08-23T12:00:58Z,8.14332261737523
2,47,1985-08-23T12:24:49Z,8.0605244805915
2,47,1985-08-23T12:48:04Z,7.99841727171904
2,47,1985-08-23T12:49:59Z,7.93187383364141
2,47,1985-08-23T12:58:48Z,7.87567568207024
2,47,1985-08-23T13:42:52Z,7.83722280221811
2,47,1985-08-23T15:10:08Z,7.78991449907579
2,47,1985-08-23T16:01:24Z,7.75146126432532
2,47,1985-08-23T17:41:02Z,7.77067936414048
2,47,1985-08-23T18:29:44Z,7.82244093160813
2,47,1985-08-23T20:08:25Z,7.87420285397412
2,47,1985-08-23T21:04:40Z,7.90820246950092
2,47,1985-08-23T21:46:34Z,7.94518252125693
2,47,1985-08-23T22:28:59Z,7.96440026617375
2,47,1985-08-23T23:33:40Z,7.9555278077634
2,47,1985-08-24T00:39:58Z,7.89045755268022
2,47,1985-08-24T01:09:41Z,7.85496771903882
2,47,1985-08-24T02:07:09Z,7.84609526062847
2,47,1985-08-24T03:46:49Z,7.86976662476895
2,47,1985-08-24T05:47:50Z,7.89194777079482
2,47,1985-08-24T07:27:31Z,7.90969268761553
2,47,1985-08-24T09:36:10Z,7.91707492791128
2,47,1985-08-24T10:48:35Z,7.89045755268022
2,47,1985-08-24T11:25:33Z,7.84758547874307
2,47,1985-08-24T11:49:19Z,7.76773335304991
2,47,1985-08-24T12:49:23Z,7.67457253974122
2,47,1985-08-24T13:05:30Z,7.6095019297597
2,47,1985-08-24T14:04:46Z,7.53852226247689
2,47,1985-08-24T14:06:17Z,7.48528751201479
2,47,1985-08-24T14:43:53Z,7.42614370425139
2,47,1985-08-24T15:49:41Z,7.37881801109057
2,47,1985-08-24T16:19:08Z,7.34629157855823
2,47,1985-08-24T17:10:02Z,7.32114703142329
2,47,1985-08-24T18:12:29Z,7.39065387060998
2,47,1985-08-24T19:22:59Z,7.43057993345656
2,47,1985-08-24T20:11:43Z,7.47494222550832
2,47,1985-08-24T21:06:57Z,7.5503581219963
2,47,1985-08-24T21:19:23Z,7.61393815896488
2,47,1985-08-24T21:52:36Z,7.70266274306839
2,47,1985-08-24T22:27:42Z,7.7307533012939
2,47,1985-08-24T23:39:16Z,7.72780729020333
2,47,1985-08-25T00:58:41Z,7.70857215526802
2,47,1985-08-25T01:35:09Z,7.68344499815157
2,48,1985-08-25T02:12:27Z,7.63464647689464
2,48,1985-08-25T02:49:20Z,7.59472041404806
2,48,1985-08-25T02:57:32Z,7.56072079852126
2,48,1985-08-25T03:27:42Z,7.5089592310536
2,48,1985-08-25T04:04:13Z,7.48234185582255
2,48,1985-08-25T04:55:04Z,7.45868752680222
2,48,1985-08-25T06:20:18Z,7.48234185582255
2,48,1985-08-25T07:09:10Z,7.52226791866913
2,48,1985-08-25T07:36:48Z,7.55923058040665
2,48,1985-08-25T08:32:52Z,7.59915664325324
2,48,1985-08-25T08:53:30Z,7.62873741959335
2,48,1985-08-25T10:26:15Z,7.64204610720887
2,48,1985-08-25T12:06:26Z,7.64204610720887
2,48,1985-08-25T14:01:10Z,7.6376098780037
2,48,1985-08-25T15:06:25Z,7.60951931977819
2,48,1985-08-25T15:57:39Z,7.57253926802218
2,48,1985-08-25T15:58:42Z,7.53557660628466
2,48,1985-08-25T16:37:50Z,7.41727124584104
2,48,1985-08-25T17:01:10Z,7.352218025878
2,48,1985-08-25T17:38:19Z,7.30341950462107
2,48,1985-08-25T18:14:51Z,7.28123835859519
2,48,1985-08-25T19:18:47Z,7.2989832754159
2,48,1985-08-25T19:38:47Z,7.3507278077634
2,48,1985-08-25T20:41:16Z,7.41876146395564
2,49,1985-08-25T21:21:44Z,7.50599582994455
2,50,1985-08-25T22:09:17Z,7.59177440295749
2,50,1985-08-25T22:22:09Z,7.64648233641405
2,50,1985-08-25T23:02:49Z,7.72633446210721
2,50,1985-08-26T00:27:12Z,7.77956921256932
2,50,1985-08-26T01:32:17Z,7.75738806654344
2,50,1985-08-26T02:45:55Z,7.68197217005545
2,50,1985-08-26T03:52:23Z,7.61099250277264
2,50,1985-08-26T05:05:54Z,7.54592189279113
2,50,1985-08-26T05:50:03Z,7.50452300184843
2,50,1985-08-26T06:40:44Z,7.48677808502773
2,50,1985-08-26T07:51:22Z,7.5163585064695
2,50,1985-08-26T09:01:37Z,7.56515702772643
2,50,1985-08-26T10:18:43Z,7.62133778927911
2,50,1985-08-26T11:15:05Z,7.65682762292052
2,50,1985-08-26T12:18:48Z,7.68197217005545
2,50,1985-08-26T13:03:04Z,7.63613669500924
2,50,1985-08-26T13:40:58Z,7.56072079852126
2,50,1985-08-26T14:33:21Z,7.48381468391867
2,50,1985-08-26T14:56:16Z,7.43354333456562
2,50,1985-08-26T15:33:12Z,7.39214408872458
2,50,1985-08-26T16:38:54Z,7.34778179667283
2,50,1985-08-26T17:23:38Z,7.28567458780037
2,50,1985-08-26T17:53:21Z,7.25018475415897
2,50,1985-08-26T18:58:35Z,7.22207716081331
2,50,1985-08-26T19:55:05Z,7.24722170794824
2,50,1985-08-26T20:50:32Z,7.3093289168207
2,50,1985-08-26T21:38:35Z,7.38327163031423
2,50,1985-08-26T21:42:58Z,7.48234185582255
2,50,1985-08-26T22:23:38Z,7.56219398151571
2,50,1985-08-26T23:05:04Z,7.61542873197782
2,50,1985-08-27T00:22:55Z,7.64500915341959
2,50,1985-08-27T02:30:42Z,7.68344499815157
2,50,1985-08-27T03:43:22Z,7.64795516451017
2,50,1985-08-27T04:27:33Z,7.60508309057301
2,50,1985-08-27T04:57:08Z,7.56810303881701
2,50,1985-08-27T05:33:43Z,7.54444906469501
2,50,1985-08-27T06:24:22Z,7.52226791866913
2,50,1985-08-27T07:36:01Z,7.52226791866913
2,50,1985-08-27T09:08:20Z,7.5503581219963
2,50,1985-08-27T09:56:49Z,7.60359287245841
2,50,1985-08-27T10:45:15Z,7.66422725323475
2,50,1985-08-27T11:26:44Z,7.7159888207024
2,50,1985-08-27T11:54:27Z,7.74998843622921
2,50,1985-08-27T13:19:31Z,7.77956921256932
2,50,1985-08-27T14:32:09Z,7.73964314972274
2,50,1985-08-27T15:38:37Z,7.66866348243993
2,50,1985-08-27T15:46:56Z,7.63021024768946
2,50,1985-08-27T16:45:48Z,7.57253926802218
2,50,1985-08-27T18:12:49Z,7.5341034232902
2,50,1985-08-27T20:07:54Z,7.51783168946396
2,50,1985-08-27T21:11:06Z,7.56072079852126
2,50,1985-08-27T21:52:27Z,7.61690156007394
2,50,1985-08-27T22:19:30Z,7.67457253974122
2,50,1985-08-27T23:00:08Z,7.75591488354898
2,51,1985-08-27T23:48:39Z,7.80765941589649
2,51,1985-08-28T00:06:57Z,7.91856514602588
2,52,1985-08-28T00:12:28Z,7.97770895378928
2,52,1985-08-28T01:05:48Z,8.1137592310536
2,52,1985-08-28T01:23:18Z,8.25275516451017
2,52,1985-08-28T01:53:50Z,8.43464056192236
2,52,1985-08-28T02:21:51Z,8.4582948909427
2,52,1985-08-28T03:56:38Z,8.40062391127542
2,52,1985-08-28T04:28:43Z,8.2764094935305
2,52,1985-08-28T05:22:19Z,8.15663130499076
2,53,1985-08-28T06:21:01Z,8.10488677264325
2,54,1985-08-28T06:43:56Z,8.05459803327172
2,54,1985-08-28T06:59:31Z,8.01467197042514
2,55,1985-08-28T08:27:53Z,7.92891043253235
2,55,1985-08-28T09:52:47Z,7.96440026617375
2,55,1985-08-28T10:48:29Z,8.01763501663586
2,56,1985-08-28T11:15:26Z,8.0782693974122
2,56,1985-08-28T11:27:43Z,8.14775884658041
2,56,1985-08-28T12:30:37Z,8.20099359704252
2,56,1985-08-28T13:56:04Z,8.21726533086876
2,56,1985-08-28T14:39:30Z,8.20099359704252
2,57,1985-08-28T15:53:11Z,8.13001392975971
2,57,1985-08-28T16:16:36Z,8.06199730868762
2,57,1985-08-28T17:02:11Z,7.97030967837338
2,57,1985-08-28T17:41:06Z,7.85940394824399
2,57,1985-08-28T17:49:18Z,7.82540433271719
2,58,1985-08-28T19:23:27Z,7.78398805175601
2,58,1985-08-28T20:56:14Z,7.79582355637708
2,58,1985-08-28T21:45:13Z,7.83722280221811
2,58,1985-08-28T22:12:29Z,7.88158509426987
2,58,1985-08-28T22:53:55Z,7.93481984473198
2,59,1985-08-28T23:21:00Z,7.99101764140481
2,60,1985-08-28T23:48:33Z,8.03094370425138
2,60,1985-08-29T00:29:03Z,8.11670524214418
2,60,1985-08-29T00:55:33Z,8.18768490942699
2,60,1985-08-29T01:30:54Z,8.20692004436229
2,60,1985-08-29T02:56:47Z,8.20839287245841
2,60,1985-08-29T04:09:12Z,8.17586643992606
2,60,1985-08-29T05:01:24Z,8.10488677264325
2,60,1985-08-29T05:39:31Z,8.02207124584104
2,60,1985-08-29T06:18:10Z,7.92594738632163
2,60,1985-08-29T06:56:48Z,7.82540433271719
2,60,1985-08-29T07:42:23Z,7.73371634750462
2,60,1985-08-29T08:40:50Z,7.69082723844732
2,60,1985-08-29T10:15:04Z,7.65239139371534
2,60,1985-08-29T10:57:46Z,7.66126385212569
2,60,1985-08-29T12:00:46Z,7.71153520147874
2,60,1985-08-29T12:49:22Z,7.76624313493531
2,60,1985-08-29T13:31:06Z,7.80913224399261
2,61,1985-08-29T13:36:09Z,7.8786390831793
2,61,1985-08-29T13:55:44Z,7.94518252125693
2,61,1985-08-29T14:59:06Z,7.98214518299445
2,61,1985-08-29T16:17:41Z,7.99249082439926
2,61,1985-08-29T17:15:17Z,7.97919952680222
2,61,1985-08-29T17:37:59Z,7.93631006284658
2,61,1985-08-29T17:54:47Z,7.84758547874307
2,62,1985-08-29T18:32:39Z,7.7736424103512
2,63,1985-08-29T19:10:28Z,7.70709897227357
2,63,1985-08-29T19:49:05Z,7.60655627356747
2,63,1985-08-29T19:58:53Z,7.51634111645102
2,63,1985-08-29T20:21:38Z,7.47197882439926
2,63,1985-08-29T21:41:06Z,7.44536144916821
2,63,1985-08-29T23:21:44Z,7.42910710536044
2,63,1985-08-30T00:53:54Z,7.46310636598891
2,63,1985-08-30T01:20:54Z,7.52226791866913
2,63,1985-08-30T02:00:20Z,7.64499176340111
2,63,1985-08-30T02:26:17Z,7.73520692051756
2,63,1985-08-30T03:00:02Z,7.81062281700555
2,63,1985-08-30T03:49:27Z,7.83131339001848
2,63,1985-08-30T04:32:55Z,7.81356847319778
2,63,1985-08-30T06:08:07Z,7.74111597781885
2,63,1985-08-30T06:31:15Z,7.68344499815157
2,63,1985-08-30T07:16:35Z,7.60062947134935
2,63,1985-08-30T07:32:47Z,7.5326132051756
2,64,1985-08-30T08:40:19Z,7.42465348613678
2,64,1985-08-30T09:03:09Z,7.37732779297597
2,64,1985-08-30T09:18:59Z,7.32262021441775
2,64,1985-08-30T09:49:48Z,7.24867714602588
2,64,1985-08-30T10:12:27Z,7.20727825508318
2,64,1985-08-30T11:31:04Z,7.21022426617375
2,64,1985-08-30T12:33:06Z,7.29451262107209
2,64,1985-08-30T12:37:49Z,7.38176402218115
2,64,1985-08-30T13:46:45Z,7.47639801848429
2,64,1985-08-30T14:11:46Z,7.59913925323475
2,64,1985-08-30T15:06:44Z,7.68342760813309
2,64,1985-08-30T16:02:36Z,7.7307533012939
2,64,1985-08-30T17:08:01Z,7.69673629574861
2,64,1985-08-30T18:00:26Z,7.61835735304991
2,64,1985-08-30T19:13:32Z,7.56217659149723
2,64,1985-08-30T20:55:37Z,7.50154221072089
2,64,1985-08-30T21:18:09Z,7.46457954898336
2,64,1985-08-30T21:54:31Z,7.44239840295749
2,64,1985-08-30T23:40:11Z,7.50301539371534
2,64,1985-08-31T00:00:03Z,7.55921319038817
2,64,1985-08-31T00:40:31Z,7.64646494639556
2,64,1985-08-31T00:59:47Z,7.72335367097967
2,64,1985-08-31T01:31:56Z,7.84904127171904
2,64,1985-08-31T01:37:19Z,7.9126386987061
2,64,1985-08-31T01:43:36Z,7.94516513123845
2,65,1985-08-31T02:31:50Z,8.00727234011091
2,65,1985-08-31T03:06:39Z,8.04572557486137
2,65,1985-08-31T04:09:36Z,8.09747010720887
2,65,1985-08-31T05:06:19Z,8.11521502402957
2,65,1985-08-31T05:57:50Z,8.06790672088725
2,65,1985-08-31T06:49:20Z,8.01614479852126
2,65,1985-08-31T07:04:59Z,7.97325568946396
2,65,1985-08-31T07:56:46Z,7.9111484805915
2,65,1985-08-31T08:41:48Z,7.83869563031423
2,65,1985-08-31T08:52:14Z,7.72631707208873
2,65,1985-08-31T09:45:07Z,7.63166604066543
2,65,1985-08-31T10:58:36Z,7.56217659149723
2,65,1985-08-31T13:06:24Z,7.59913925323475
2,65,1985-08-31T13:32:36Z,7.68639100924214
2,65,1985-08-31T13:42:56Z,7.82391411460259
2,65,1985-08-31T14:52:35Z,7.8934035637708
2,65,1985-08-31T15:34:45Z,7.92151115711645
2,66,1985-08-31T20:40:11Z,7.75588045841035
2,66,1985-08-31T21:18:26Z,7.66864609242144
2,66,1985-08-31T22:19:07Z,7.55330413308688
2,66,1985-08-31T22:57:29Z,7.46161614787431
2,66,1985-08-31T23:34:10Z,7.42908971534196
2,66,1985-09-01T00:23:14Z,7.46752556007394
2,67,1985-09-01T01:58:15Z,7.64793777449168
2,67,1985-09-01T02:32:25Z,7.70857215526802
2,67,1985-09-01T03:19:40Z,7.80467897966728
2,68,1985-09-01T03:46:02Z,7.88602132347505
2,69,1985-09-01T04:12:37Z,7.95994700184843
2,69,1985-09-01T05:01:06Z,8.01318175231054
2,70,1985-09-01T07:37:16Z,8.06198027356747
2,71,1985-09-01T09:19:46Z,7.98065496487985
2,72,1985-09-01T11:59:17Z,7.9126386987061
2,73,1985-09-01T18:53:23Z,8.53530499075786
2,73,1985-09-01T19:35:42Z,8.55748613678373
2,73,1985-09-01T19:55:55Z,8.60184842883549
2,73,1985-09-01T20:27:35Z,8.62070240295749
2,73,1985-09-01T21:11:01Z,8.60406654343808
2,73,1985-09-01T21:44:40Z,8.55415896487985
2,73,1985-09-01T22:39:33Z,8.51312384473198
2,73,1985-09-02T00:27:06Z,8.50757855822551
2,74,1985-09-02T16:31:37Z,8.76598890942699
2,74,1985-09-02T17:08:43Z,8.78262476894639
2,74,1985-09-02T18:12:50Z,8.79371534195933
2,74,1985-09-02T18:40:20Z,8.77153419593346
2,74,1985-09-02T19:34:47Z,8.7449168207024
2,74,1985-09-02T20:18:51Z,8.70609981515712
3,1,1985-08-06T22:16:38Z,7.21034528650647
3,1,1985-08-06T23:56:38Z,7.21921774491682
3,1,1985-08-07T01:43:24Z,7.2413988909427
3,1,1985-08-07T03:22:54Z,7.26801626617375
3,2,1985-08-07T04:48:06Z,7.29316081330869
3,2,1985-08-07T06:49:50Z,7.29019741219963
3,2,1985-08-07T08:37:57Z,7.26505321996303
3,3,1985-08-07T13:34:22Z,7.16598299445471
3,3,1985-08-07T15:08:18Z,7.13492939001848
3,3,1985-08-07T16:41:36Z,7.12902033271719
3,3,1985-08-07T17:52:42Z,7.14527503142329
3,4,1985-08-07T20:50:06Z,7.2
3,5,1985-08-08T16:38:48Z,7.69535006284658
3,6,1985-08-08T18:39:17Z,7.73674895378928
3,6,1985-08-08T20:32:44Z,7.77667501663586
3,6,1985-08-08T23:02:33Z,7.79589311645102
3,6,1985-08-09T00:57:14Z,7.78998370425139
3,6,1985-08-09T02:16:47Z,7.76336632902033
3,6,1985-08-09T03:44:06Z,7.7145678077634
3,6,1985-08-09T04:28:40Z,7.65837001109057
3,6,1985-08-09T05:34:45Z,7.60069903142329
3,6,1985-08-09T07:39:00Z,7.51050126432532
3,6,1985-08-09T10:48:06Z,7.40846799260629
3,7,1985-08-09T14:40:47Z,7.28425357486137
3,7,1985-08-09T16:58:34Z,7.22214636598891
3,7,1985-08-09T18:03:31Z,7.20440144916821
3,7,1985-08-09T19:29:28Z,7.20292862107209
3,7,1985-08-09T21:01:38Z,7.23398222550832
3,7,1985-08-09T23:01:56Z,7.28425357486137
3,8,1985-08-10T19:34:57Z,7.72934967837338
3,8,1985-08-10T21:29:16Z,7.73674895378928
3,8,1985-08-11T00:21:06Z,7.73674895378928
3,8,1985-08-11T02:30:21Z,7.72344026617375
3,8,1985-08-11T03:57:17Z,7.68795043253235
3,8,1985-08-11T05:10:10Z,7.64506132347505
3,8,1985-08-11T06:59:00Z,7.59478961922366
3,8,1985-08-11T08:18:40Z,7.56077296857671
3,9,1985-08-11T12:40:24Z,7.42177668022181
3,9,1985-08-11T13:45:38Z,7.39366908687616
3,9,1985-08-11T14:43:50Z,7.35966947134935
3,9,1985-08-11T15:13:17Z,7.3330520961183
3,10,1985-08-11T16:18:37Z,7.30199849168207
3,10,1985-08-11T16:55:02Z,7.27832712754159
3,10,1985-08-11T18:07:27Z,7.25170975231054
3,10,1985-08-11T19:12:39Z,7.22509237707948
3,10,1985-08-11T20:31:41Z,7.21327390757856
3,10,1985-08-11T22:04:57Z,7.20883767837338
3,10,1985-08-12T00:13:26Z,7.22214636598891
3,10,1985-08-12T02:07:24Z,7.24136446580407
3,11,1985-08-14T00:37:25Z,7.56818963401109
3,11,1985-08-14T02:38:52Z,7.57557187430684
3,11,1985-08-14T04:12:03Z,7.57409904621072
3,11,1985-08-14T05:17:07Z,7.55191790018484
3,11,1985-08-14T06:37:13Z,7.50311937892791
3,11,1985-08-14T07:57:46Z,7.44101217005545
3,11,1985-08-14T09:46:42Z,7.38777741959335
3,11,1985-08-14T11:56:53Z,7.34194194454713
3,11,1985-08-14T14:14:40Z,7.27983473567468
3,11,1985-08-14T15:20:40Z,7.22510976709797
3,11,1985-08-14T16:19:32Z,7.17040218853974
3,11,1985-08-14T16:41:42Z,7.14674785951941
3,12,1985-08-14T17:32:45Z,7.11273120887246
3,12,1985-08-14T18:16:57Z,7.06984174491682
3,12,1985-08-14T19:00:58Z,7.0328790831793
3,12,1985-08-14T19:52:01Z,7.00182547874307
3,12,1985-08-14T21:11:06Z,6.98851679112754
3,12,1985-08-14T23:12:43Z,6.99295302033272
3,12,1985-08-15T00:37:47Z,7.02253344177449
3,12,1985-08-15T00:51:25Z,7.04766059889094
3,12,1985-08-15T01:19:26Z,7.0683689168207
3,13,1985-08-15T02:30:01Z,7.10238556746765
3,14,1985-08-17T05:42:09Z,7.325722025878
3,14,1985-08-17T06:11:39Z,7.29466842144178
3,14,1985-08-17T07:03:00Z,7.25326953049908
3,14,1985-08-17T07:54:11Z,7.21481629574861
3,15,1985-08-17T19:08:40Z,6.91315270979667
3,15,1985-08-17T19:58:41Z,6.91611611090573
3,15,1985-08-17T20:49:22Z,6.89837119408503
3,15,1985-08-17T21:54:18Z,6.88062627726433
3,15,1985-08-17T22:51:52Z,6.86879041774492
3,15,1985-08-18T00:03:21Z,6.87469947504621
3,15,1985-08-18T00:38:27Z,6.89688062107209
3,15,1985-08-18T01:27:54Z,6.92202516820702
3,15,1985-08-18T02:10:16Z,6.94273348613678
3,15,1985-08-18T03:21:22Z,6.95898782994455
3,15,1985-08-18T04:25:49Z,6.95898782994455
3,15,1985-08-18T05:23:50Z,6.93386102772643
3,15,1985-08-18T07:12:48Z,6.87913570425139
3,15,1985-08-18T07:49:15Z,6.85400890203327
3,16,1985-08-18T08:55:05Z,6.80521038077634
3,16,1985-08-18T09:46:32Z,6.76084808872458
3,16,1985-08-18T10:52:22Z,6.71204956746765
3,16,1985-08-18T12:05:05Z,6.67212350462107
3,17,1985-08-18T17:57:54Z,6.60112644731978
3,17,1985-08-18T18:33:18Z,6.61592535304991
3,17,1985-08-18T19:52:05Z,6.61592535304991
3,17,1985-08-18T20:35:46Z,6.59078080591497
3,17,1985-08-18T21:47:46Z,6.57599929020333
3,17,1985-08-18T23:06:35Z,6.57450907208873
3,17,1985-08-19T00:53:33Z,6.58930797781885
3,17,1985-08-19T02:18:35Z,6.62036158225508
3,17,1985-08-19T03:58:15Z,6.63810649907579
3,17,1985-08-19T06:06:45Z,6.65141518669131
3,17,1985-08-19T08:37:39Z,6.63218005175601
3,18,1985-08-19T16:02:35Z,6.5966902181146
3,18,1985-08-19T17:50:17Z,6.5863445767098
3,18,1985-08-19T21:17:51Z,6.58930797781885
3,18,1985-08-20T00:16:26Z,6.60261666543438
3,19,1985-08-20T17:35:56Z,6.55678154528651
3,19,1985-08-20T18:34:11Z,6.5212917116451
3,19,1985-08-20T20:15:07Z,6.49467433641405
3,19,1985-08-20T21:40:59Z,6.49614716451017
3,19,1985-08-20T22:23:19Z,6.51832831053605
3,19,1985-08-20T23:12:28Z,6.55381814417745
3,19,1985-08-20T23:33:01Z,6.58636196672828
3,19,1985-08-21T00:08:07Z,6.60854311275416
3,20,1985-08-21T00:49:36Z,6.66028764510166
3,20,1985-08-21T01:37:54Z,6.72535825508318
3,21,1985-08-23T04:02:17Z,7.12165548243993
3,21,1985-08-23T05:15:15Z,7.07582036229205
3,21,1985-08-23T06:06:29Z,7.03293089833641
3,22,1985-08-23T09:27:05Z,6.77859300554529
3,23,1985-08-23T10:04:05Z,6.74013977079483
3,23,1985-08-23T10:26:55Z,6.6928314676525
3,23,1985-08-23T11:11:22Z,6.64106990018484
3,24,1985-08-23T12:25:10Z,6.55974459149723
3,24,1985-08-23T13:31:08Z,6.50650984103512
3,24,1985-08-23T14:44:06Z,6.46065733086876
3,24,1985-08-23T16:39:31Z,6.43256712754159
3,24,1985-08-23T17:51:00Z,6.43256712754159
3,24,1985-08-23T19:01:48Z,6.46214754898336
3,24,1985-08-23T20:40:55Z,6.49911056561922
3,24,1985-08-23T21:37:28Z,6.528690987061
3,24,1985-08-23T23:24:19Z,6.54790908687616
3,24,1985-08-24T01:40:01Z,6.55530836229205
